,Years,Age,Country,# of Employees,Mental Health Interview,Physical Health Interview,Mental & Physical
0,2014-08-27 11:29:31,37,United States,6-25,No,Maybe,Yes
1,2014-08-27 11:29:37,44,United States,More than 1000,No,No,Don't know
2,2014-08-27 11:29:44,32,Canada,6-25,Yes,Yes,No
3,2014-08-27 11:29:46,31,United Kingdom,26-100,Maybe,Maybe,No
4,2014-08-27 11:30:22,31,United States,100-500,Yes,Yes,Don't know
5,2014-08-27 11:31:22,33,United States,6-25,No,Maybe,Don't know
6,2014-08-27 11:31:50,35,United States,1-5,No,No,Don't know
7,2014-08-27 11:32:05,39,Canada,1-5,No,No,No
8,2014-08-27 11:32:39,42,United States,100-500,No,Maybe,No
9,2014-08-27 11:32:43,23,Canada,26-100,Maybe,Maybe,Yes
10,2014-08-27 11:32:44,31,United States,6-25,No,No,Don't know
11,2014-08-27 11:32:49,29,Bulgaria,100-500,Yes,Yes,Don't know
12,2014-08-27 11:33:23,42,United States,26-100,Maybe,Maybe,No
13,2014-08-27 11:33:26,36,United States,500-1000,No,No,Don't know
14,2014-08-27 11:33:57,27,Canada,6-25,Maybe,Yes,Yes
15,2014-08-27 11:34:00,29,United States,26-100,Maybe,Maybe,Don't know
16,2014-08-27 11:34:20,23,United Kingdom,26-100,Maybe,Maybe,No
17,2014-08-27 11:34:37,32,United States,6-25,No,No,No
18,2014-08-27 11:34:53,46,United States,1-5,No,Yes,Yes
19,2014-08-27 11:35:08,36,France,6-25,Maybe,Maybe,Don't know
20,2014-08-27 11:35:12,29,United States,100-500,No,No,No
21,2014-08-27 11:35:24,31,United States,1-5,No,Maybe,Yes
22,2014-08-27 11:35:48,46,United States,26-100,No,Maybe,No
23,2014-08-27 11:36:24,41,United States,More than 1000,No,Yes,Don't know
24,2014-08-27 11:36:48,33,United States,26-100,No,Yes,Don't know
25,2014-08-27 11:37:08,35,United States,More than 1000,No,Yes,No
26,2014-08-27 11:37:23,33,United States,1-5,No,No,Don't know
27,2014-08-27 11:37:59,35,United States,6-25,Maybe,Maybe,Yes
28,2014-08-27 11:38:12,34,United States,26-100,No,No,No
29,2014-08-27 11:38:18,37,United Kingdom,6-25,No,Maybe,No
30,2014-08-27 11:39:03,32,United Kingdom,6-25,No,Maybe,No
31,2014-08-27 11:38:55,31,United States,1-5,No,No,No
32,2014-08-27 11:39:31,30,United Kingdom,500-1000,No,Yes,Don't know
33,2014-08-27 11:39:36,42,United States,26-100,Maybe,Yes,Don't know
34,2014-08-27 11:40:51,40,United States,1-5,No,Maybe,Yes
35,2014-08-27 11:41:17,27,United States,6-25,Maybe,Maybe,Don't know
36,2014-08-27 11:41:37,29,Canada,1-5,No,No,Don't know
37,2014-08-27 11:41:50,38,Portugal,100-500,No,Maybe,No
38,2014-08-27 11:42:08,50,United States,100-500,No,Maybe,Don't know
39,2014-08-27 11:42:15,35,United States,More than 1000,Maybe,Maybe,Yes
40,2014-08-27 11:42:25,24,United Kingdom,6-25,No,Yes,No
41,2014-08-27 11:42:31,35,United States,More than 1000,No,Maybe,Don't know
42,2014-08-27 11:43:07,27,Canada,1-5,No,No,Yes
43,2014-08-27 11:43:10,18,Netherlands,6-25,No,No,No
44,2014-08-27 11:43:22,30,United States,26-100,No,Maybe,Don't know
45,2014-08-27 11:43:36,38,United States,26-100,No,No,Yes
46,2014-08-27 11:43:45,28,United Kingdom,26-100,Maybe,Yes,Don't know
47,2014-08-27 11:43:48,34,United States,6-25,Maybe,Yes,Don't know
48,2014-08-27 11:43:56,26,Canada,1-5,No,No,Yes
49,2014-08-27 11:44:43,30,United States,26-100,No,No,Don't know
50,2014-08-27 11:44:55,22,United States,6-25,No,Maybe,Don't know
51,2014-08-27 11:45:32,33,United States,100-500,Maybe,Maybe,Don't know
52,2014-08-27 11:45:33,31,United States,100-500,Maybe,Maybe,Don't know
53,2014-08-27 11:45:51,32,United States,1-5,No,No,Don't know
54,2014-08-27 11:46:36,28,Switzerland,100-500,No,Maybe,Don't know
55,2014-08-27 11:46:49,27,United States,26-100,No,No,Don't know
56,2014-08-27 11:46:55,32,United States,6-25,No,No,Yes
57,2014-08-27 11:47:10,24,United States,26-100,Yes,Yes,No
58,2014-08-27 11:47:33,26,United States,26-100,Maybe,Yes,Don't know
59,2014-08-27 11:47:56,33,Canada,6-25,No,Maybe,Don't know
60,2014-08-27 11:48:57,44,United States,More than 1000,No,Maybe,Don't know
61,2014-08-27 11:49:51,26,Poland,26-100,Maybe,Yes,Yes
62,2014-08-27 11:50:27,27,United Kingdom,100-500,Maybe,Maybe,Yes
63,2014-08-27 11:50:28,26,France,26-100,No,No,No
64,2014-08-27 11:50:46,35,Canada,6-25,No,Maybe,Don't know
65,2014-08-27 11:51:07,40,United States,More than 1000,No,No,No
66,2014-08-27 11:51:34,23,Australia,1-5,No,Maybe,Yes
67,2014-08-27 11:52:07,36,United States,100-500,Maybe,Yes,Yes
68,2014-08-27 11:52:41,31,United States,26-100,No,Maybe,Don't know
69,2014-08-27 11:52:44,34,United States,1-5,No,No,Don't know
70,2014-08-27 11:53:05,28,France,26-100,No,No,Don't know
71,2014-08-27 11:53:25,34,Canada,6-25,No,No,Don't know
72,2014-08-27 11:54:27,23,United States,More than 1000,No,No,No
73,2014-08-27 11:56:17,38,United Kingdom,26-100,Maybe,Yes,Yes
74,2014-08-27 11:56:29,33,United States,More than 1000,No,Maybe,Yes
75,2014-08-27 11:57:30,19,United Kingdom,1-5,No,Maybe,No
76,2014-08-27 11:57:33,25,United States,More than 1000,Maybe,Yes,Yes
77,2014-08-27 11:57:54,31,United States,1-5,Maybe,Maybe,Yes
78,2014-08-27 11:59:31,32,United States,26-100,No,Yes,No
79,2014-08-27 12:00:02,28,Germany,6-25,Maybe,Yes,Yes
80,2014-08-27 12:01:50,38,United States,100-500,Maybe,Maybe,Yes
81,2014-08-27 12:02:40,23,United Kingdom,26-100,Maybe,Maybe,Yes
82,2014-08-27 12:02:52,30,Canada,26-100,No,No,No
83,2014-08-27 12:03:30,27,United States,1-5,No,Maybe,Yes
84,2014-08-27 12:05:13,33,United States,More than 1000,No,Maybe,No
85,2014-08-27 12:05:37,31,United States,26-100,Maybe,Maybe,No
86,2014-08-27 12:07:08,39,United Kingdom,6-25,No,Maybe,No
87,2014-08-27 12:10:43,34,United States,500-1000,No,No,Don't know
88,2014-08-27 12:11:00,29,United States,26-100,No,Maybe,No
89,2014-08-27 12:11:07,32,United States,500-1000,No,No,Don't know
90,2014-08-27 12:12:47,31,United States,500-1000,No,No,Yes
91,2014-08-27 12:13:30,40,United States,26-100,Yes,Yes,No
92,2014-08-27 12:14:13,34,United States,26-100,No,Maybe,Don't know
93,2014-08-27 12:15:11,18,Russia,26-100,Yes,Yes,Don't know
94,2014-08-27 12:15:19,25,Canada,26-100,No,Maybe,Don't know
95,2014-08-27 12:15:30,29,United States,26-100,Maybe,Maybe,No
96,2014-08-27 12:16:21,24,United States,26-100,No,Maybe,Don't know
97,2014-08-27 12:17:01,31,Mexico,6-25,Maybe,Yes,No
98,2014-08-27 12:18:02,33,United States,6-25,No,Maybe,No
99,2014-08-27 12:18:04,30,United States,1-5,Maybe,Maybe,Yes
100,2014-08-27 12:18:14,26,Canada,26-100,No,Maybe,No
101,2014-08-27 12:18:38,44,United States,100-500,No,No,Don't know
102,2014-08-27 12:19:52,25,United States,26-100,No,No,Don't know
103,2014-08-27 12:20:10,33,United States,26-100,Maybe,Maybe,Yes
104,2014-08-27 12:22:55,29,United States,More than 1000,No,No,Don't know
105,2014-08-27 12:23:48,35,United States,6-25,No,No,Don't know
106,2014-08-27 12:23:59,35,United States,26-100,No,Maybe,No
107,2014-08-27 12:25:09,28,Brazil,6-25,No,No,Don't know
108,2014-08-27 12:28:12,34,United States,6-25,No,No,Don't know
109,2014-08-27 12:28:16,32,United States,26-100,No,Maybe,Yes
110,2014-08-27 12:29:25,22,United States,500-1000,No,Yes,No
111,2014-08-27 12:31:02,28,United States,26-100,No,Maybe,Yes
112,2014-08-27 12:31:03,45,United States,6-25,Yes,Yes,Yes
113,2014-08-27 12:31:14,32,United States,100-500,No,No,Don't know
114,2014-08-27 12:31:28,28,United States,More than 1000,No,Maybe,Don't know
115,2014-08-27 12:31:34,26,United Kingdom,6-25,No,No,Don't know
116,2014-08-27 12:31:41,21,United Kingdom,1-5,No,Maybe,No
117,2014-08-27 12:31:41,27,Canada,6-25,No,No,Don't know
118,2014-08-27 12:31:43,18,United States,1-5,No,No,Don't know
119,2014-08-27 12:32:24,35,United States,26-100,Maybe,Maybe,Don't know
120,2014-08-27 12:32:59,29,United States,More than 1000,No,No,Don't know
121,2014-08-27 12:33:00,25,United States,26-100,No,No,Don't know
122,2014-08-27 12:33:23,33,United States,6-25,No,Maybe,Yes
123,2014-08-27 12:33:36,36,United States,6-25,No,No,Don't know
124,2014-08-27 12:33:56,27,Canada,100-500,No,Maybe,No
125,2014-08-27 12:34:11,27,United States,500-1000,No,Yes,Don't know
126,2014-08-27 12:34:13,27,United Kingdom,6-25,No,No,Don't know
127,2014-08-27 12:34:35,32,United States,100-500,No,No,Don't know
128,2014-08-27 12:34:48,31,United Kingdom,6-25,No,No,Yes
129,2014-08-27 12:34:51,19,Slovenia,6-25,No,No,Don't know
130,2014-08-27 12:34:57,33,United States,More than 1000,No,Yes,No
131,2014-08-27 12:35:23,32,United States,1-5,No,Yes,Don't know
132,2014-08-27 12:36:03,27,United States,26-100,Maybe,Maybe,Don't know
133,2014-08-27 12:36:18,38,Costa Rica,26-100,Maybe,Yes,No
134,2014-08-27 12:36:53,24,Canada,26-100,Maybe,Yes,Don't know
135,2014-08-27 12:37:09,39,United Kingdom,26-100,No,No,Don't know
136,2014-08-27 12:37:26,28,United Kingdom,6-25,Maybe,Maybe,Yes
137,2014-08-27 12:37:31,39,United States,More than 1000,No,No,Don't know
138,2014-08-27 12:37:50,29,United States,6-25,No,No,Don't know
139,2014-08-27 12:37:50,22,Austria,6-25,No,No,Don't know
140,2014-08-27 12:38:11,38,United States,100-500,No,No,Don't know
141,2014-08-27 12:38:18,37,United Kingdom,More than 1000,No,Maybe,Yes
142,2014-08-27 12:38:25,35,United States,26-100,No,Maybe,Don't know
143,2014-08-27 12:39:14,-29,United States,More than 1000,No,No,Don't know
144,2014-08-27 12:39:18,30,United States,More than 1000,No,Maybe,Don't know
145,2014-08-27 12:39:21,37,United States,100-500,Maybe,Maybe,Don't know
146,2014-08-27 12:39:48,24,United Kingdom,6-25,No,No,Don't know
147,2014-08-27 12:39:57,23,United States,6-25,No,No,No
148,2014-08-27 12:40:03,30,Ireland,100-500,No,No,No
149,2014-08-27 12:40:06,29,United States,100-500,No,Maybe,Don't know
150,2014-08-27 12:40:36,19,Canada,1-5,Maybe,Maybe,Don't know
151,2014-08-27 12:40:53,32,United States,26-100,No,Maybe,No
152,2014-08-27 12:41:04,28,Poland,6-25,Maybe,Yes,Yes
153,2014-08-27 12:41:20,36,United States,6-25,Maybe,Maybe,Don't know
154,2014-08-27 12:41:59,37,United Kingdom,More than 1000,No,Yes,No
155,2014-08-27 12:42:24,25,United States,26-100,No,Maybe,No
156,2014-08-27 12:42:52,27,United States,More than 1000,No,Maybe,Don't know
157,2014-08-27 12:43:28,26,United States,26-100,No,Maybe,No
158,2014-08-27 12:43:28,27,United States,26-100,No,No,Don't know
159,2014-08-27 12:43:40,25,United States,26-100,No,No,Don't know
160,2014-08-27 12:43:53,36,United Kingdom,More than 1000,No,Maybe,Don't know
161,2014-08-27 12:44:51,25,United States,500-1000,No,No,Don't know
162,2014-08-27 12:44:51,31,United States,More than 1000,No,No,Don't know
163,2014-08-27 12:45:44,26,United States,6-25,No,No,Don't know
164,2014-08-27 12:46:03,33,United States,1-5,No,Yes,Yes
165,2014-08-27 12:47:25,27,United Kingdom,1-5,No,Maybe,Yes
166,2014-08-27 12:48:06,34,United States,26-100,No,Maybe,Don't know
167,2014-08-27 12:48:29,42,United States,6-25,No,Maybe,No
168,2014-08-27 12:48:37,23,Ireland,1-5,No,Maybe,No
169,2014-08-27 12:48:39,24,United Kingdom,100-500,No,Maybe,Don't know
170,2014-08-27 12:48:40,26,United Kingdom,More than 1000,No,No,Don't know
171,2014-08-27 12:48:51,31,United Kingdom,6-25,No,Maybe,Don't know
172,2014-08-27 12:49:21,22,India,More than 1000,Maybe,Maybe,No
173,2014-08-27 12:49:27,23,United States,6-25,No,Maybe,Yes
174,2014-08-27 12:49:30,34,Canada,More than 1000,No,No,No
175,2014-08-27 12:49:39,31,United States,26-100,No,Maybe,Don't know
176,2014-08-27 12:50:36,28,United Kingdom,100-500,Maybe,Maybe,Yes
177,2014-08-27 12:50:57,32,United States,6-25,No,No,Yes
178,2014-08-27 12:51:25,45,United States,1-5,No,No,Yes
179,2014-08-27 12:51:36,33,United States,6-25,No,Maybe,Don't know
180,2014-08-27 12:51:42,29,Mexico,6-25,Maybe,Yes,No
181,2014-08-27 12:51:50,26,India,6-25,No,No,Don't know
182,2014-08-27 12:51:51,28,United Kingdom,26-100,Maybe,Maybe,Don't know
183,2014-08-27 12:51:55,45,United States,More than 1000,No,No,Don't know
184,2014-08-27 12:52:08,43,United States,More than 1000,No,No,No
185,2014-08-27 12:52:46,37,United States,500-1000,Maybe,Yes,No
186,2014-08-27 12:52:49,24,United Kingdom,6-25,Maybe,Yes,Yes
187,2014-08-27 12:53:00,26,France,6-25,No,Maybe,Yes
188,2014-08-27 12:53:05,23,United Kingdom,1-5,Maybe,Yes,Don't know
189,2014-08-27 12:53:13,35,United States,More than 1000,No,No,Don't know
190,2014-08-27 12:53:15,38,South Africa,1-5,No,Maybe,Don't know
191,2014-08-27 12:53:40,28,United States,26-100,No,Maybe,No
192,2014-08-27 12:54:11,28,Russia,26-100,No,Maybe,Don't know
193,2014-08-27 12:54:11,35,United States,6-25,No,No,Don't know
194,2014-08-27 12:54:30,32,Germany,100-500,No,No,No
195,2014-08-27 12:54:47,31,Italy,6-25,No,Maybe,Don't know
196,2014-08-27 12:55:01,35,United States,500-1000,No,No,Don't know
197,2014-08-27 12:55:38,26,United States,More than 1000,No,Maybe,No
198,2014-08-27 12:56:13,27,United States,6-25,No,Maybe,Yes
199,2014-08-27 12:56:56,28,United Kingdom,More than 1000,No,Maybe,Don't know
200,2014-08-27 12:57:38,27,United States,26-100,No,No,Yes
201,2014-08-27 12:57:52,34,United States,500-1000,No,No,Yes
202,2014-08-27 12:58:10,41,United States,6-25,Maybe,Maybe,Don't know
203,2014-08-27 12:58:42,37,Ireland,1-5,No,Yes,Don't know
204,2014-08-27 13:00:38,34,Austria,100-500,No,No,Yes
205,2014-08-27 13:02:14,32,United Kingdom,100-500,No,No,No
206,2014-08-27 13:03:05,21,Canada,6-25,Maybe,Maybe,Yes
207,2014-08-27 13:04:18,30,United States,26-100,No,Maybe,Don't know
208,2014-08-27 13:04:45,24,United States,26-100,No,No,Don't know
209,2014-08-27 13:05:45,26,Bulgaria,100-500,No,Maybe,Don't know
210,2014-08-27 13:06:00,40,United States,26-100,No,No,Yes
211,2014-08-27 13:06:12,37,United Kingdom,26-100,No,Maybe,Don't know
212,2014-08-27 13:07:24,26,United Kingdom,1-5,No,Maybe,Don't know
213,2014-08-27 13:07:40,32,United States,6-25,No,Maybe,No
214,2014-08-27 13:07:42,32,United States,100-500,No,Yes,Yes
215,2014-08-27 13:07:46,27,United States,1-5,No,No,Don't know
216,2014-08-27 13:08:17,30,Germany,6-25,Maybe,Yes,Yes
217,2014-08-27 13:09:24,31,Canada,6-25,No,No,Yes
218,2014-08-27 13:09:37,29,United States,500-1000,No,No,Don't know
219,2014-08-27 13:09:39,41,United States,26-100,No,No,Don't know
220,2014-08-27 13:12:31,34,United States,6-25,Maybe,Maybe,Yes
221,2014-08-27 13:12:43,33,United Kingdom,26-100,Yes,Yes,Don't know
222,2014-08-27 13:14:53,28,United States,6-25,No,Maybe,Don't know
223,2014-08-27 13:15:19,28,United States,More than 1000,No,No,No
224,2014-08-27 13:15:25,23,United States,26-100,No,Yes,Yes
225,2014-08-27 13:18:18,24,United States,1-5,Maybe,Yes,Yes
226,2014-08-27 13:18:44,32,United States,1-5,No,Maybe,Yes
227,2014-08-27 13:19:40,34,Australia,1-5,No,Maybe,Yes
228,2014-08-27 13:21:00,24,United States,6-25,Maybe,Maybe,Yes
229,2014-08-27 13:22:42,26,United Kingdom,1-5,No,Maybe,Yes
230,2014-08-27 13:22:49,36,United States,26-100,No,Maybe,Don't know
231,2014-08-27 13:23:38,41,United States,500-1000,Maybe,Maybe,No
232,2014-08-27 13:24:34,38,United Kingdom,More than 1000,No,Maybe,No
233,2014-08-27 13:24:57,38,United States,26-100,No,Maybe,No
234,2014-08-27 13:26:35,30,Netherlands,26-100,No,No,Yes
235,2014-08-27 13:26:54,25,United Kingdom,26-100,No,Maybe,No
236,2014-08-27 13:27:18,37,Canada,26-100,No,Yes,Don't know
237,2014-08-27 13:29:45,34,United Kingdom,6-25,No,Yes,No
238,2014-08-27 13:29:57,37,United States,More than 1000,No,Maybe,Yes
239,2014-08-27 13:31:03,28,Canada,6-25,No,No,No
240,2014-08-27 13:31:35,22,Sweden,6-25,Maybe,Maybe,No
241,2014-08-27 13:32:31,34,United States,1-5,No,Maybe,No
242,2014-08-27 13:32:48,33,United States,26-100,No,No,Don't know
243,2014-08-27 13:33:32,25,South Africa,6-25,No,Yes,No
244,2014-08-27 13:34:03,27,United States,More than 1000,Maybe,Maybe,Yes
245,2014-08-27 13:35:23,40,United States,More than 1000,No,Maybe,No
246,2014-08-27 13:35:40,21,United States,6-25,No,Maybe,Don't know
247,2014-08-27 13:37:18,29,United Kingdom,6-25,Maybe,Yes,Yes
248,2014-08-27 13:37:47,32,United States,1-5,No,Yes,Don't know
249,2014-08-27 13:38:17,29,United States,500-1000,Maybe,Yes,Don't know
250,2014-08-27 13:39:00,23,United States,26-100,No,Yes,Yes
251,2014-08-27 13:40:58,28,United States,100-500,No,Maybe,Yes
252,2014-08-27 13:42:38,31,United States,100-500,No,Maybe,Yes
253,2014-08-27 13:44:05,27,United Kingdom,100-500,No,No,Don't know
254,2014-08-27 13:44:47,24,United States,6-25,Maybe,Maybe,Don't know
255,2014-08-27 13:46:03,29,Canada,6-25,No,Maybe,Don't know
256,2014-08-27 13:47:05,23,United Kingdom,6-25,No,Maybe,Yes
257,2014-08-27 13:47:27,42,United States,6-25,No,No,Yes
258,2014-08-27 13:48:01,24,United Kingdom,1-5,No,Yes,No
259,2014-08-27 13:49:15,25,Australia,6-25,No,Yes,No
260,2014-08-27 13:49:32,27,United States,6-25,No,Maybe,Don't know
261,2014-08-27 13:52:05,27,Canada,6-25,No,Maybe,No
262,2014-08-27 13:52:57,30,United States,100-500,Maybe,No,Yes
263,2014-08-27 13:53:21,29,Poland,6-25,No,Yes,No
264,2014-08-27 13:53:44,43,Canada,6-25,Yes,Yes,Don't know
265,2014-08-27 13:53:51,32,United States,6-25,No,Maybe,Don't know
266,2014-08-27 13:54:00,41,United States,26-100,Yes,Yes,Yes
267,2014-08-27 13:54:24,32,United Kingdom,1-5,Maybe,Maybe,Don't know
268,2014-08-27 13:55:16,37,United States,26-100,No,Yes,Don't know
269,2014-08-27 13:55:22,32,United States,6-25,No,No,Don't know
270,2014-08-27 13:55:38,30,Ireland,1-5,No,Maybe,No
271,2014-08-27 13:56:27,23,United States,100-500,Maybe,Maybe,Yes
272,2014-08-27 13:56:35,30,United States,More than 1000,No,No,Yes
273,2014-08-27 13:59:24,34,United Kingdom,26-100,No,No,Don't know
274,2014-08-27 13:59:35,38,United States,26-100,No,Maybe,No
275,2014-08-27 14:01:25,33,Canada,100-500,No,No,Don't know
276,2014-08-27 14:01:35,34,United States,26-100,No,No,Don't know
277,2014-08-27 14:01:54,28,Colombia,6-25,No,No,Don't know
278,2014-08-27 14:03:16,28,United States,100-500,No,No,Yes
279,2014-08-27 14:03:54,23,United States,100-500,No,Maybe,No
280,2014-08-27 14:03:59,22,Australia,6-25,No,Yes,No
281,2014-08-27 14:06:26,27,Portugal,6-25,No,Maybe,Don't know
282,2014-08-27 14:10:15,18,United States,6-25,No,Maybe,Don't know
283,2014-08-27 14:10:47,35,United States,26-100,No,Maybe,Don't know
284,2014-08-27 14:10:53,25,Canada,100-500,No,Yes,No
285,2014-08-27 14:11:46,27,United Kingdom,6-25,Yes,Yes,Yes
286,2014-08-27 14:11:52,26,United States,More than 1000,No,No,Don't know
287,2014-08-27 14:11:55,18,United States,26-100,No,Maybe,Yes
288,2014-08-27 14:13:02,38,United States,1-5,No,No,Don't know
289,2014-08-27 14:13:16,26,United States,More than 1000,No,No,Don't know
290,2014-08-27 14:13:24,30,Switzerland,1-5,No,No,Yes
291,2014-08-27 14:14:52,35,United States,More than 1000,No,No,Don't know
292,2014-08-27 14:15:13,45,United States,More than 1000,No,Maybe,Don't know
293,2014-08-27 14:15:21,32,United States,More than 1000,No,No,Don't know
294,2014-08-27 14:15:57,56,United States,More than 1000,No,Maybe,Don't know
295,2014-08-27 14:16:00,24,United States,500-1000,No,Maybe,No
296,2014-08-27 14:18:20,30,United States,26-100,No,Yes,Yes
297,2014-08-27 14:18:41,60,United States,More than 1000,Maybe,Maybe,Yes
298,2014-08-27 14:18:44,33,United States,More than 1000,No,Maybe,Don't know
299,2014-08-27 14:19:08,37,United States,More than 1000,Maybe,Maybe,Don't know
300,2014-08-27 14:19:12,23,United States,More than 1000,No,No,Yes
301,2014-08-27 14:20:08,31,United States,More than 1000,No,No,Yes
302,2014-08-27 14:20:43,26,United States,100-500,No,Maybe,Don't know
303,2014-08-27 14:21:37,28,United States,100-500,No,No,Yes
304,2014-08-27 14:21:42,37,United States,More than 1000,No,No,Yes
305,2014-08-27 14:22:00,26,Canada,6-25,Maybe,Maybe,Yes
306,2014-08-27 14:22:36,30,United States,26-100,No,No,Don't know
307,2014-08-27 14:22:43,26,United States,26-100,No,No,Don't know
308,2014-08-27 14:22:43,25,United States,26-100,No,No,Don't know
309,2014-08-27 14:23:51,27,United States,100-500,No,Maybe,Don't know
310,2014-08-27 14:23:53,25,Canada,6-25,No,Maybe,Don't know
311,2014-08-27 14:24:15,35,United States,100-500,No,No,Don't know
312,2014-08-27 14:25:41,36,United States,1-5,No,No,Yes
313,2014-08-27 14:25:54,26,United States,More than 1000,No,No,No
314,2014-08-27 14:26:32,27,United States,More than 1000,Maybe,Maybe,Yes
315,2014-08-27 14:27:20,30,United States,6-25,No,No,Don't know
316,2014-08-27 14:27:27,29,United States,100-500,No,Maybe,Don't know
317,2014-08-27 14:27:28,25,United States,More than 1000,Maybe,Maybe,Yes
318,2014-08-27 14:27:51,22,United States,More than 1000,No,No,Yes
319,2014-08-27 14:28:28,29,Latvia,26-100,No,No,Don't know
320,2014-08-27 14:28:41,41,United States,100-500,Maybe,Maybe,Yes
321,2014-08-27 14:28:43,29,United States,More than 1000,No,Maybe,No
322,2014-08-27 14:28:49,32,United States,500-1000,Maybe,Maybe,Yes
323,2014-08-27 14:28:51,24,United States,More than 1000,No,Maybe,Don't know
324,2014-08-27 14:29:19,25,United States,6-25,No,No,Don't know
325,2014-08-27 14:30:33,25,United States,More than 1000,No,Maybe,Don't know
326,2014-08-27 14:31:06,30,United States,More than 1000,No,No,Don't know
327,2014-08-27 14:31:28,25,United States,More than 1000,No,No,Yes
328,2014-08-27 14:31:44,30,United States,1-5,No,Maybe,Don't know
329,2014-08-27 14:32:22,33,Germany,1-5,Maybe,No,Yes
330,2014-08-27 14:32:46,24,United States,26-100,No,Maybe,Yes
331,2014-08-27 14:33:44,25,Canada,More than 1000,No,No,No
332,2014-08-27 14:34:47,31,United States,100-500,No,Yes,No
333,2014-08-27 14:37:33,45,Ireland,1-5,No,No,Don't know
334,2014-08-27 14:37:35,29,Romania,6-25,Maybe,Maybe,No
335,2014-08-27 14:37:46,46,United States,26-100,Maybe,Maybe,Don't know
336,2014-08-27 14:38:06,30,United Kingdom,26-100,No,Maybe,Don't know
337,2014-08-27 14:38:13,29,United States,More than 1000,No,No,Don't know
338,2014-08-27 14:38:26,24,United States,More than 1000,No,Maybe,Don't know
339,2014-08-27 14:38:49,29,United States,26-100,No,Maybe,Yes
340,2014-08-27 14:38:54,35,United States,26-100,No,No,No
341,2014-08-27 14:39:07,33,United States,26-100,No,Maybe,No
342,2014-08-27 14:39:20,27,United States,More than 1000,No,Maybe,No
343,2014-08-27 14:41:09,36,United States,More than 1000,No,No,Don't know
344,2014-08-27 14:41:16,33,United Kingdom,1-5,No,Maybe,No
345,2014-08-27 14:44:29,25,United States,26-100,No,No,Don't know
346,2014-08-27 14:45:12,23,United States,100-500,Maybe,Yes,Don't know
347,2014-08-27 14:45:45,54,United States,More than 1000,No,No,Don't know
348,2014-08-27 14:47:10,22,United States,More than 1000,No,Maybe,Don't know
349,2014-08-27 14:47:28,25,United States,More than 1000,No,No,Yes
350,2014-08-27 14:49:08,29,Belgium,6-25,Maybe,Maybe,Don't know
351,2014-08-27 14:49:30,27,United States,More than 1000,No,Yes,Yes
352,2014-08-27 14:51:29,30,United Kingdom,6-25,No,Maybe,Yes
353,2014-08-27 14:52:44,26,United States,More than 1000,No,No,Don't know
354,2014-08-27 14:52:53,25,Sweden,6-25,No,No,No
355,2014-08-27 14:53:11,31,United States,500-1000,No,No,No
356,2014-08-27 14:54:23,33,United States,26-100,No,No,Don't know
357,2014-08-27 14:54:56,34,United States,More than 1000,No,No,Don't know
358,2014-08-27 14:57:46,34,United States,100-500,No,Maybe,Don't know
359,2014-08-27 14:58:01,29,United States,1-5,Maybe,Maybe,Yes
360,2014-08-27 14:59:59,33,United States,6-25,No,No,Don't know
361,2014-08-27 15:03:56,34,Germany,26-100,No,Maybe,Yes
362,2014-08-27 15:04:41,26,United States,100-500,No,Yes,No
363,2014-08-27 15:05:00,32,United States,More than 1000,No,Yes,Yes
364,2014-08-27 15:05:21,329,United States,6-25,No,No,No
365,2014-08-27 15:09:58,28,United States,More than 1000,No,No,No
366,2014-08-27 15:11:30,35,United States,More than 1000,No,No,Don't know
367,2014-08-27 15:13:33,36,United States,100-500,No,No,Don't know
368,2014-08-27 15:14:50,21,United States,100-500,Maybe,Maybe,Don't know
369,2014-08-27 15:15:29,21,United Kingdom,6-25,No,Maybe,No
370,2014-08-27 15:15:42,22,United States,More than 1000,No,No,Yes
371,2014-08-27 15:20:53,41,United States,More than 1000,No,Maybe,No
372,2014-08-27 15:21:59,55,United States,More than 1000,No,No,Yes
373,2014-08-27 15:22:20,32,United States,26-100,No,Maybe,Yes
374,2014-08-27 15:22:26,21,United States,26-100,No,Yes,Don't know
375,2014-08-27 15:22:43,45,United States,26-100,No,Maybe,Don't know
376,2014-08-27 15:22:45,27,United States,More than 1000,No,No,No
377,2014-08-27 15:22:50,25,United States,26-100,No,No,Yes
378,2014-08-27 15:22:52,34,United States,More than 1000,No,No,Yes
379,2014-08-27 15:23:06,26,United States,More than 1000,No,No,Don't know
380,2014-08-27 15:23:07,41,Canada,500-1000,No,No,Don't know
381,2014-08-27 15:23:19,27,United States,More than 1000,No,Maybe,Yes
382,2014-08-27 15:23:30,31,United States,26-100,No,No,Don't know
383,2014-08-27 15:23:33,25,Germany,26-100,No,Yes,No
384,2014-08-27 15:23:51,26,United States,6-25,No,No,No
385,2014-08-27 15:23:51,27,United States,More than 1000,No,No,Don't know
386,2014-08-27 15:23:54,42,New Zealand,500-1000,Maybe,Maybe,Don't know
387,2014-08-27 15:24:22,29,United States,1-5,No,Maybe,No
388,2014-08-27 15:24:27,25,United States,6-25,No,Maybe,Don't know
389,2014-08-27 15:24:28,33,Sweden,More than 1000,No,Yes,Don't know
390,2014-08-27 15:24:47,99999999999,Zimbabwe,1-5,Yes,No,No
391,2014-08-27 15:24:47,40,United States,More than 1000,No,No,Don't know
392,2014-08-27 15:24:49,31,United States,More than 1000,No,No,Don't know
393,2014-08-27 15:24:55,26,Canada,26-100,No,No,Yes
394,2014-08-27 15:24:56,24,United States,500-1000,No,Maybe,No
395,2014-08-27 15:25:03,29,United States,More than 1000,No,No,Don't know
396,2014-08-27 15:25:09,48,United Kingdom,26-100,No,No,No
397,2014-08-27 15:25:16,35,United Kingdom,6-25,No,Maybe,No
398,2014-08-27 15:25:41,32,United States,100-500,No,Maybe,Don't know
399,2014-08-27 15:25:47,29,Canada,100-500,No,Maybe,Yes
400,2014-08-27 15:26:05,26,United States,6-25,No,No,No
401,2014-08-27 15:26:37,28,United States,26-100,No,Maybe,No
402,2014-08-27 15:26:40,23,United States,More than 1000,No,Maybe,No
403,2014-08-27 15:26:57,35,United States,100-500,No,Maybe,No
404,2014-08-27 15:27:25,29,Germany,26-100,Maybe,Maybe,Don't know
405,2014-08-27 15:27:31,26,United States,6-25,Maybe,Maybe,No
406,2014-08-27 15:27:38,33,United States,26-100,No,No,Yes
407,2014-08-27 15:27:39,33,United States,More than 1000,No,Maybe,Yes
408,2014-08-27 15:28:34,22,Brazil,6-25,Maybe,No,Don't know
409,2014-08-27 15:28:50,30,Spain,500-1000,No,No,Don't know
410,2014-08-27 15:29:03,33,United States,More than 1000,No,No,No
411,2014-08-27 15:29:07,31,United States,More than 1000,No,Maybe,No
412,2014-08-27 15:29:23,21,United States,More than 1000,No,Maybe,Don't know
413,2014-08-27 15:30:51,31,United Kingdom,More than 1000,No,Yes,Yes
414,2014-08-27 15:31:10,26,United States,100-500,No,No,Yes
415,2014-08-27 15:31:18,30,United States,6-25,No,No,Don't know
416,2014-08-27 15:31:20,30,Germany,100-500,Maybe,Maybe,No
417,2014-08-27 15:31:31,23,India,6-25,Maybe,Maybe,No
418,2014-08-27 15:31:38,34,Finland,6-25,No,Maybe,Don't know
419,2014-08-27 15:31:40,55,United States,1-5,No,No,No
420,2014-08-27 15:32:09,28,Germany,1-5,No,No,Yes
421,2014-08-27 15:32:19,26,Uruguay,26-100,No,Yes,Don't know
422,2014-08-27 15:32:43,28,New Zealand,6-25,Yes,Yes,Yes
423,2014-08-27 15:34:23,32,United Kingdom,6-25,No,No,Don't know
424,2014-08-27 15:34:31,28,United States,More than 1000,No,No,Don't know
425,2014-08-27 15:34:32,21,United States,6-25,Maybe,Maybe,Yes
426,2014-08-27 15:35:21,24,United States,100-500,No,Maybe,No
427,2014-08-27 15:35:37,26,United States,More than 1000,No,No,Don't know
428,2014-08-27 15:35:50,23,United States,More than 1000,No,Yes,Don't know
429,2014-08-27 15:36:13,24,United States,More than 1000,Yes,Yes,Yes
430,2014-08-27 15:36:41,28,Canada,100-500,No,No,Yes
431,2014-08-27 15:38:07,24,United States,6-25,No,Yes,Yes
432,2014-08-27 15:38:27,33,United States,1-5,Yes,Yes,Don't know
433,2014-08-27 15:38:31,34,United States,26-100,No,Maybe,Don't know
434,2014-08-27 15:38:32,27,United States,26-100,No,No,Don't know
435,2014-08-27 15:38:37,28,United States,6-25,No,No,Don't know
436,2014-08-27 15:39:31,26,United States,More than 1000,No,No,Don't know
437,2014-08-27 15:40:03,20,Australia,100-500,No,No,Don't know
438,2014-08-27 15:43:17,23,United States,26-100,No,Maybe,Don't know
439,2014-08-27 15:43:27,29,United States,1-5,Maybe,Maybe,Yes
440,2014-08-27 15:43:30,26,United Kingdom,6-25,No,Maybe,No
441,2014-08-27 15:43:45,36,United States,More than 1000,No,No,Don't know
442,2014-08-27 15:44:16,41,United States,More than 1000,Maybe,Yes,Yes
443,2014-08-27 15:44:20,33,United States,100-500,No,No,Yes
444,2014-08-27 15:46:12,23,Canada,6-25,No,No,Yes
445,2014-08-27 15:46:39,39,United States,More than 1000,No,Maybe,No
446,2014-08-27 15:47:26,34,United States,More than 1000,No,Maybe,Don't know
447,2014-08-27 15:47:33,26,United States,100-500,No,No,No
448,2014-08-27 15:50:26,24,United States,26-100,No,No,Don't know
449,2014-08-27 15:51:36,37,Canada,More than 1000,No,No,Don't know
450,2014-08-27 15:53:39,43,United States,6-25,Maybe,Maybe,Yes
451,2014-08-27 15:53:59,40,United States,More than 1000,No,Maybe,Yes
452,2014-08-27 15:54:45,30,United States,More than 1000,No,No,No
453,2014-08-27 15:55:07,34,United States,6-25,No,No,Don't know
454,2014-08-27 15:55:07,27,United States,100-500,No,Yes,Don't know
455,2014-08-27 15:55:08,36,United States,More than 1000,Maybe,Yes,Don't know
456,2014-08-27 15:56:37,27,Brazil,6-25,No,Maybe,No
457,2014-08-27 15:58:23,35,Netherlands,100-500,No,Maybe,Don't know
458,2014-08-27 15:59:41,32,United Kingdom,6-25,No,Yes,Yes
459,2014-08-27 15:59:47,37,United States,500-1000,No,No,Don't know
460,2014-08-27 16:00:16,29,United Kingdom,26-100,Maybe,Maybe,Yes
461,2014-08-27 16:01:39,33,United States,500-1000,No,No,Yes
462,2014-08-27 16:01:52,28,United States,6-25,No,No,Don't know
463,2014-08-27 16:02:16,26,United States,26-100,No,Maybe,No
464,2014-08-27 16:03:20,27,United States,6-25,No,Maybe,Yes
465,2014-08-27 16:04:01,38,United Kingdom,26-100,No,Maybe,Yes
466,2014-08-27 16:06:46,57,United States,More than 1000,No,Maybe,No
467,2014-08-27 16:07:32,28,United Kingdom,More than 1000,No,Maybe,No
468,2014-08-27 16:10:10,26,France,6-25,Maybe,Maybe,No
469,2014-08-27 16:11:36,42,Netherlands,100-500,No,Maybe,Don't know
470,2014-08-27 16:13:31,31,United States,100-500,No,No,Yes
471,2014-08-27 16:13:40,58,United States,More than 1000,No,Yes,Yes
472,2014-08-27 16:13:42,29,United States,6-25,No,Maybe,No
473,2014-08-27 16:14:04,39,United Kingdom,More than 1000,No,Maybe,No
474,2014-08-27 16:14:43,34,United States,6-25,No,Maybe,Don't know
475,2014-08-27 16:15:26,57,United States,More than 1000,No,Maybe,Don't know
476,2014-08-27 16:15:33,27,Germany,6-25,No,No,No
477,2014-08-27 16:16:40,23,Germany,26-100,Maybe,Yes,Don't know
478,2014-08-27 16:16:51,18,Finland,500-1000,No,Maybe,Don't know
479,2014-08-27 16:17:05,30,United States,100-500,No,Maybe,Don't know
480,2014-08-27 16:17:41,23,United States,26-100,Maybe,Yes,Yes
481,2014-08-27 16:18:44,43,United States,More than 1000,No,Yes,Don't know
482,2014-08-27 16:19:05,18,United Kingdom,1-5,Maybe,Maybe,Don't know
483,2014-08-27 16:19:25,29,United States,6-25,No,Maybe,Don't know
484,2014-08-27 16:20:36,48,United States,6-25,No,Maybe,Don't know
485,2014-08-27 16:20:40,43,Germany,26-100,No,Yes,No
486,2014-08-27 16:21:11,28,United States,26-100,No,Maybe,Don't know
487,2014-08-27 16:21:24,30,United States,1-5,No,No,Yes
488,2014-08-27 16:21:54,26,Israel,6-25,No,Maybe,Yes
489,2014-08-27 16:21:55,33,Italy,6-25,No,No,No
490,2014-08-27 16:22:10,31,United States,More than 1000,No,No,Yes
491,2014-08-27 16:22:17,30,United States,100-500,No,No,Don't know
492,2014-08-27 16:23:14,27,Israel,26-100,No,Maybe,No
493,2014-08-27 16:25:26,24,United States,1-5,No,No,Don't know
494,2014-08-27 16:26:03,25,United States,26-100,No,No,Don't know
495,2014-08-27 16:27:04,23,United States,More than 1000,No,No,Yes
496,2014-08-27 16:27:47,36,United States,More than 1000,No,No,No
497,2014-08-27 16:28:10,25,United States,1-5,No,Maybe,No
498,2014-08-27 16:28:20,54,United Kingdom,More than 1000,Maybe,Maybe,No
499,2014-08-27 16:29:05,34,Netherlands,6-25,No,Maybe,Yes
500,2014-08-27 16:29:23,38,United States,26-100,No,No,No
501,2014-08-27 16:31:16,40,Ireland,More than 1000,No,Maybe,No
502,2014-08-27 16:32:31,32,United Kingdom,26-100,No,Maybe,Don't know
503,2014-08-27 16:34:18,25,Germany,More than 1000,No,Yes,Don't know
504,2014-08-27 16:35:02,35,United States,100-500,No,Maybe,No
505,2014-08-27 16:36:57,46,United States,More than 1000,No,No,Yes
506,2014-08-27 16:39:00,42,United States,100-500,Maybe,Yes,No
507,2014-08-27 16:39:01,32,United Kingdom,6-25,Maybe,Maybe,Yes
508,2014-08-27 16:40:35,47,United States,More than 1000,No,Yes,Yes
509,2014-08-27 16:42:00,22,United States,More than 1000,No,Maybe,Yes
510,2014-08-27 16:42:55,33,United States,500-1000,No,No,Don't know
511,2014-08-27 16:47:48,25,United States,6-25,No,No,Yes
512,2014-08-27 16:53:54,29,United States,More than 1000,No,Maybe,Don't know
513,2014-08-27 16:55:04,39,United States,26-100,No,No,Yes
514,2014-08-27 17:00:15,38,United States,More than 1000,No,No,No
515,2014-08-27 17:03:02,43,United States,6-25,No,No,Don't know
516,2014-08-27 17:04:29,46,United States,500-1000,No,Maybe,Yes
517,2014-08-27 17:08:18,38,United States,More than 1000,No,No,No
518,2014-08-27 17:09:23,33,Germany,6-25,No,Maybe,No
519,2014-08-27 17:10:56,34,United Kingdom,26-100,No,No,No
520,2014-08-27 17:12:01,62,United States,More than 1000,Maybe,Maybe,Yes
521,2014-08-27 17:14:36,23,United States,More than 1000,No,No,Don't know
522,2014-08-27 17:15:25,35,United States,More than 1000,No,No,No
523,2014-08-27 17:19:05,25,Bosnia and Herzegovina,26-100,No,No,Don't know
524,2014-08-27 17:22:29,36,United States,1-5,No,Yes,Yes
525,2014-08-27 17:32:04,41,United States,500-1000,No,No,Yes
526,2014-08-27 17:33:51,24,Austria,1-5,Maybe,Maybe,Yes
527,2014-08-27 17:33:52,51,New Zealand,26-100,No,No,Don't know
528,2014-08-27 17:33:52,29,United States,6-25,No,No,Yes
529,2014-08-27 17:37:41,31,Canada,100-500,No,No,Yes
530,2014-08-27 17:39:58,27,United Kingdom,6-25,No,Yes,Don't know
531,2014-08-27 17:41:44,31,Australia,100-500,Yes,Yes,No
532,2014-08-27 17:42:49,27,Hungary,1-5,No,Maybe,No
533,2014-08-27 17:46:17,23,Sweden,6-25,Maybe,Maybe,Yes
534,2014-08-27 17:47:45,21,Canada,26-100,No,Maybe,Don't know
535,2014-08-27 17:48:54,27,Australia,6-25,No,No,No
536,2014-08-27 17:49:21,39,United States,26-100,No,No,No
537,2014-08-27 17:49:30,26,United States,More than 1000,No,No,No
538,2014-08-27 17:52:31,27,United Kingdom,6-25,No,No,Don't know
539,2014-08-27 17:56:50,22,United States,500-1000,No,No,No
540,2014-08-27 18:00:39,26,United States,100-500,No,Maybe,No
541,2014-08-27 18:02:32,31,United States,100-500,No,No,Yes
542,2014-08-27 18:02:42,32,United Kingdom,6-25,Yes,Yes,Yes
543,2014-08-27 18:12:55,28,United States,100-500,No,No,No
544,2014-08-27 18:13:38,28,United Kingdom,100-500,Yes,No,No
545,2014-08-27 18:14:59,23,United Kingdom,6-25,No,Yes,Yes
546,2014-08-27 18:16:52,30,United Kingdom,26-100,Maybe,Maybe,Yes
547,2014-08-27 18:18:18,36,United States,More than 1000,No,Yes,No
548,2014-08-27 18:22:05,21,United States,More than 1000,No,Maybe,Yes
549,2014-08-27 18:29:32,30,Germany,26-100,Maybe,Yes,Don't know
550,2014-08-27 18:39:43,25,United States,500-1000,No,Maybe,Don't know
551,2014-08-27 18:41:00,32,New Zealand,6-25,Maybe,Yes,Don't know
552,2014-08-27 18:43:06,29,Canada,1-5,No,No,Yes
553,2014-08-27 18:56:46,21,United Kingdom,26-100,No,No,Yes
554,2014-08-27 18:59:44,27,New Zealand,100-500,No,Yes,Don't know
555,2014-08-27 19:05:52,32,Canada,More than 1000,No,No,Don't know
556,2014-08-27 19:08:31,34,Australia,More than 1000,No,Maybe,Yes
557,2014-08-27 19:13:21,33,United States,26-100,No,Maybe,Don't know
558,2014-08-27 19:13:27,22,Netherlands,6-25,Maybe,Yes,Yes
559,2014-08-27 19:16:15,24,United States,More than 1000,No,No,Yes
560,2014-08-27 19:17:07,65,United States,6-25,No,No,Yes
561,2014-08-27 19:25:42,27,United States,100-500,No,No,Yes
562,2014-08-27 19:27:25,33,Australia,More than 1000,Maybe,Yes,Yes
563,2014-08-27 19:28:35,36,United States,26-100,No,No,Don't know
564,2014-08-27 19:34:26,40,Canada,26-100,No,No,No
565,2014-08-27 19:34:56,28,United States,More than 1000,No,Maybe,No
566,2014-08-27 19:38:44,39,United States,500-1000,No,Maybe,Don't know
567,2014-08-27 19:41:28,32,United States,More than 1000,Maybe,Yes,Don't know
568,2014-08-27 19:45:36,31,United States,More than 1000,No,Yes,No
569,2014-08-27 19:59:12,38,United States,100-500,No,No,Don't know
570,2014-08-27 20:13:06,23,United States,1-5,No,No,Yes
571,2014-08-27 20:17:52,42,United States,More than 1000,Maybe,Maybe,Don't know
572,2014-08-27 20:33:33,27,United States,500-1000,No,No,Yes
573,2014-08-27 20:48:54,26,United States,26-100,No,No,No
574,2014-08-27 20:52:20,50,United States,26-100,No,Maybe,No
575,2014-08-27 20:52:31,37,United States,26-100,No,No,Yes
576,2014-08-27 20:53:22,23,United States,26-100,No,Maybe,Don't know
577,2014-08-27 20:55:48,33,United States,6-25,No,No,Yes
578,2014-08-27 21:05:41,29,Canada,26-100,No,Yes,No
579,2014-08-27 21:15:09,34,United States,26-100,No,Maybe,Don't know
580,2014-08-27 21:17:31,41,United States,More than 1000,No,No,Don't know
581,2014-08-27 21:21:31,50,United States,100-500,Maybe,Maybe,Don't know
582,2014-08-27 21:35:24,29,Canada,More than 1000,No,Maybe,Don't know
583,2014-08-27 21:39:23,35,United States,6-25,Maybe,Maybe,Yes
584,2014-08-27 21:45:31,27,Singapore,1-5,No,No,No
585,2014-08-27 21:54:29,40,United States,26-100,Maybe,Maybe,Don't know
586,2014-08-27 21:54:32,27,Australia,100-500,No,Maybe,No
587,2014-08-27 21:55:28,29,United States,26-100,No,Maybe,Don't know
588,2014-08-27 22:00:36,31,United States,6-25,No,Maybe,Don't know
589,2014-08-27 22:04:43,43,United States,6-25,No,Maybe,Don't know
590,2014-08-27 22:04:47,34,United States,26-100,No,Yes,Don't know
591,2014-08-27 22:06:14,29,United States,26-100,No,Maybe,Don't know
592,2014-08-27 22:07:34,19,Canada,1-5,No,Maybe,Don't know
593,2014-08-27 22:11:16,41,United States,More than 1000,No,No,No
594,2014-08-27 22:12:55,29,United States,100-500,No,Maybe,Yes
595,2014-08-27 22:13:55,23,United States,100-500,No,No,Yes
596,2014-08-27 22:14:23,24,United States,100-500,No,No,No
597,2014-08-27 22:14:46,31,United States,26-100,No,Maybe,Don't know
598,2014-08-27 22:21:48,43,United States,500-1000,No,No,Yes
599,2014-08-27 22:26:03,31,United States,100-500,No,No,No
600,2014-08-27 22:32:36,29,United States,100-500,No,No,Don't know
601,2014-08-27 22:35:40,35,United States,6-25,No,Maybe,Yes
602,2014-08-27 22:36:34,33,United States,100-500,No,No,No
603,2014-08-27 22:55:13,30,United States,1-5,No,No,Yes
604,2014-08-27 22:59:23,27,United States,More than 1000,No,Maybe,No
605,2014-08-27 23:09:46,32,United States,100-500,No,No,No
606,2014-08-27 23:10:16,50,United States,1-5,No,Maybe,Don't know
607,2014-08-27 23:10:23,24,United States,26-100,No,Maybe,No
608,2014-08-27 23:14:58,27,United States,26-100,No,Maybe,Yes
609,2014-08-27 23:30:52,27,Australia,1-5,No,Maybe,Don't know
610,2014-08-27 23:54:08,32,United States,6-25,Maybe,Maybe,Yes
611,2014-08-27 23:56:33,42,United States,6-25,Maybe,Maybe,Yes
612,2014-08-27 23:57:16,37,United States,More than 1000,No,No,No
613,2014-08-27 23:59:59,30,Singapore,26-100,No,Yes,No
614,2014-08-28 00:02:36,29,United States,More than 1000,No,No,Don't know
615,2014-08-28 00:05:34,30,United States,6-25,No,Maybe,Yes
616,2014-08-28 00:17:24,35,United States,26-100,Maybe,Maybe,Yes
617,2014-08-28 00:43:40,35,United States,100-500,No,Maybe,No
618,2014-08-28 00:47:55,38,Netherlands,26-100,Maybe,Maybe,Don't know
619,2014-08-28 01:04:45,22,United Kingdom,100-500,Maybe,Yes,Yes
620,2014-08-28 01:14:11,24,Germany,100-500,No,Maybe,Don't know
621,2014-08-28 01:19:34,22,Netherlands,1-5,Maybe,Yes,No
622,2014-08-28 01:30:12,31,United States,26-100,No,Yes,Don't know
623,2014-08-28 01:38:53,23,United States,More than 1000,No,No,Don't know
624,2014-08-28 01:41:17,31,United States,100-500,No,No,Don't know
625,2014-08-28 01:56:43,28,United States,500-1000,No,No,No
626,2014-08-28 02:15:08,37,Canada,100-500,No,Maybe,No
627,2014-08-28 02:17:42,34,United States,6-25,No,No,No
628,2014-08-28 02:19:29,32,Canada,26-100,No,Maybe,No
629,2014-08-28 02:30:00,28,United States,26-100,No,No,Don't know
630,2014-08-28 02:32:11,24,United Kingdom,100-500,No,Maybe,Don't know
631,2014-08-28 02:41:47,56,United States,6-25,No,No,Don't know
632,2014-08-28 02:46:56,31,Germany,6-25,Maybe,Maybe,Yes
633,2014-08-28 02:49:34,34,United States,100-500,No,No,Yes
634,2014-08-28 02:52:45,35,Germany,100-500,No,No,Yes
635,2014-08-28 02:54:44,28,Germany,26-100,Yes,Yes,Don't know
636,2014-08-28 03:05:52,36,Poland,6-25,Maybe,Maybe,Yes
637,2014-08-28 03:06:14,30,United Kingdom,26-100,No,Maybe,Yes
638,2014-08-28 03:13:10,35,United States,1-5,No,No,Yes
639,2014-08-28 03:13:20,49,Japan,1-5,No,No,No
640,2014-08-28 03:15:01,36,Germany,26-100,Maybe,Maybe,Yes
641,2014-08-28 03:16:53,35,Germany,26-100,No,No,Don't know
642,2014-08-28 03:29:19,29,Australia,More than 1000,No,No,No
643,2014-08-28 03:36:10,57,United States,26-100,No,Maybe,Don't know
644,2014-08-28 03:42:58,31,Belgium,100-500,No,No,Don't know
645,2014-08-28 03:47:30,37,Ireland,6-25,No,Maybe,Don't know
646,2014-08-28 03:49:56,25,Ireland,26-100,No,Maybe,No
647,2014-08-28 03:52:05,30,Australia,26-100,No,No,Don't know
648,2014-08-28 04:00:30,26,Australia,100-500,No,No,Don't know
649,2014-08-28 04:02:47,22,Netherlands,6-25,No,Yes,Don't know
650,2014-08-28 04:07:34,39,United States,More than 1000,No,Maybe,Don't know
651,2014-08-28 04:09:14,29,United Kingdom,100-500,No,No,No
652,2014-08-28 04:11:27,54,United Kingdom,1-5,Yes,Yes,Don't know
653,2014-08-28 04:16:30,34,Australia,500-1000,No,No,Don't know
654,2014-08-28 04:23:01,32,United States,500-1000,No,No,Yes
655,2014-08-28 04:24:03,25,Nigeria,6-25,No,Yes,Don't know
656,2014-08-28 04:30:08,29,Poland,1-5,No,No,Yes
657,2014-08-28 04:34:32,32,Germany,1-5,No,Maybe,Don't know
658,2014-08-28 04:37:54,30,United Kingdom,More than 1000,No,Yes,Yes
659,2014-08-28 04:53:52,31,Germany,6-25,Maybe,Maybe,Don't know
660,2014-08-28 05:05:32,20,Switzerland,More than 1000,No,Maybe,Yes
661,2014-08-28 05:12:15,27,United Kingdom,1-5,Maybe,Maybe,Don't know
662,2014-08-28 05:14:28,32,United States,More than 1000,No,No,Don't know
663,2014-08-28 06:02:05,26,Ireland,1-5,Maybe,Maybe,Yes
664,2014-08-28 06:05:18,30,Italy,More than 1000,No,No,Don't know
665,2014-08-28 06:10:25,30,Ireland,26-100,No,No,No
666,2014-08-28 06:11:06,22,India,1-5,Maybe,Maybe,Yes
667,2014-08-28 06:27:59,24,Ireland,More than 1000,No,No,Don't know
668,2014-08-28 06:30:18,26,Netherlands,26-100,No,No,Don't know
669,2014-08-28 07:01:30,43,France,100-500,Maybe,Maybe,Don't know
670,2014-08-28 07:03:00,26,Russia,26-100,No,Maybe,Don't know
671,2014-08-28 07:03:03,23,United States,6-25,No,Maybe,Don't know
672,2014-08-28 07:12:03,26,Canada,100-500,No,No,Yes
673,2014-08-28 08:00:40,26,Israel,100-500,No,No,Yes
674,2014-08-28 08:06:43,35,Canada,26-100,No,No,No
675,2014-08-28 08:18:06,28,United States,26-100,No,Maybe,Don't know
676,2014-08-28 08:23:11,22,India,26-100,Maybe,Maybe,Don't know
677,2014-08-28 08:39:49,29,United States,6-25,No,No,Don't know
678,2014-08-28 08:40:55,29,Germany,1-5,Yes,Yes,Yes
679,2014-08-28 08:43:23,45,United States,1-5,No,Maybe,Yes
680,2014-08-28 08:43:57,33,Bulgaria,26-100,No,Maybe,Don't know
681,2014-08-28 08:43:58,38,United States,More than 1000,No,No,Don't know
682,2014-08-28 09:02:16,19,United States,26-100,No,Maybe,No
683,2014-08-28 09:09:30,29,Canada,More than 1000,No,Maybe,Don't know
684,2014-08-28 09:16:21,21,United Kingdom,6-25,No,No,Don't know
685,2014-08-28 09:18:13,23,India,More than 1000,No,No,Don't know
686,2014-08-28 09:40:42,33,United States,More than 1000,No,No,Yes
687,2014-08-28 09:53:42,49,United States,100-500,No,No,Yes
688,2014-08-28 09:53:57,28,United States,26-100,No,No,Don't know
689,2014-08-28 09:54:21,27,United Kingdom,6-25,Maybe,Maybe,Yes
690,2014-08-28 09:54:38,23,Canada,6-25,No,No,Don't know
691,2014-08-28 09:54:47,29,Netherlands,1-5,No,Maybe,Yes
692,2014-08-28 09:54:51,30,Germany,26-100,Maybe,Maybe,Don't know
693,2014-08-28 09:55:14,28,Canada,More than 1000,No,No,Don't know
694,2014-08-28 09:56:03,32,United Kingdom,6-25,No,Yes,No
695,2014-08-28 09:56:04,32,United Kingdom,26-100,No,No,Yes
696,2014-08-28 09:56:10,37,France,100-500,No,Maybe,No
697,2014-08-28 09:56:21,39,United States,More than 1000,No,Maybe,No
698,2014-08-28 09:56:30,31,France,500-1000,No,No,Yes
699,2014-08-28 09:57:02,29,United States,6-25,No,No,Don't know
700,2014-08-28 09:57:10,30,United States,100-500,No,No,Don't know
701,2014-08-28 09:57:25,33,United States,1-5,No,No,Yes
702,2014-08-28 09:58:08,37,United States,100-500,No,No,Don't know
703,2014-08-28 09:59:39,23,United States,26-100,No,Maybe,Yes
704,2014-08-28 09:59:39,43,United States,26-100,No,No,No
705,2014-08-28 10:00:48,32,United Kingdom,100-500,No,Maybe,No
706,2014-08-28 10:01:15,26,United States,26-100,No,No,No
707,2014-08-28 10:01:31,32,United States,1-5,Yes,Yes,Don't know
708,2014-08-28 10:02:09,37,United States,26-100,No,No,Don't know
709,2014-08-28 10:02:23,29,United States,26-100,Maybe,Maybe,Yes
710,2014-08-28 10:02:45,34,United Kingdom,6-25,No,Maybe,Don't know
711,2014-08-28 10:04:34,27,France,6-25,No,No,Yes
712,2014-08-28 10:04:41,30,United States,100-500,No,Maybe,Don't know
713,2014-08-28 10:05:43,29,United States,6-25,No,No,No
714,2014-08-28 10:07:37,32,United States,1-5,No,No,No
715,2014-08-28 10:07:53,-1726,United Kingdom,26-100,No,Maybe,Don't know
716,2014-08-28 10:08:19,25,Germany,500-1000,Yes,Yes,Yes
717,2014-08-28 10:08:34,37,United States,6-25,Maybe,Maybe,Yes
718,2014-08-28 10:10:29,29,Netherlands,6-25,No,Maybe,Yes
719,2014-08-28 10:11:52,27,United States,26-100,No,No,Don't know
720,2014-08-28 10:13:44,33,United Kingdom,6-25,No,Maybe,Don't know
721,2014-08-28 10:15:52,30,Canada,More than 1000,No,Yes,No
722,2014-08-28 10:16:55,29,Canada,1-5,No,Maybe,Don't know
723,2014-08-28 10:17:19,25,United States,6-25,No,No,No
724,2014-08-28 10:18:34,33,United States,1-5,Maybe,Maybe,Don't know
725,2014-08-28 10:18:46,31,South Africa,100-500,No,Maybe,No
726,2014-08-28 10:20:37,21,Germany,6-25,No,Maybe,No
727,2014-08-28 10:22:06,30,Switzerland,26-100,No,No,No
728,2014-08-28 10:24:19,29,United States,More than 1000,No,No,No
729,2014-08-28 10:25:39,43,Croatia,1-5,No,Maybe,No
730,2014-08-28 10:29:47,37,United Kingdom,6-25,Maybe,Yes,No
731,2014-08-28 10:30:04,24,France,26-100,No,No,Don't know
732,2014-08-28 10:30:44,29,United States,6-25,No,No,Don't know
733,2014-08-28 10:34:01,31,United States,26-100,No,No,Don't know
734,2014-08-28 10:35:55,5,United States,100-500,No,No,Yes
735,2014-08-28 10:42:09,33,United Kingdom,100-500,No,Yes,No
736,2014-08-28 10:45:21,43,United States,More than 1000,No,Maybe,Don't know
737,2014-08-28 10:47:12,33,United Kingdom,26-100,No,Maybe,Don't know
738,2014-08-28 10:51:08,27,United Kingdom,6-25,No,Yes,Yes
739,2014-08-28 10:52:33,36,United States,More than 1000,No,Maybe,Don't know
740,2014-08-28 10:54:31,37,Australia,26-100,No,Maybe,Yes
741,2014-08-28 10:57:23,32,Belgium,6-25,No,No,No
742,2014-08-28 11:02:41,39,United Kingdom,100-500,No,Yes,Yes
743,2014-08-28 11:04:00,31,United States,26-100,Maybe,Yes,Don't know
744,2014-08-28 11:04:17,36,United States,100-500,Maybe,Maybe,Don't know
745,2014-08-28 11:07:23,30,United States,26-100,No,Yes,Don't know
746,2014-08-28 11:09:03,28,Canada,6-25,Maybe,Maybe,Yes
747,2014-08-28 11:10:53,32,Italy,6-25,Maybe,Maybe,No
748,2014-08-28 11:14:21,35,United States,6-25,No,No,Yes
749,2014-08-28 11:15:42,19,Canada,26-100,No,Yes,Don't know
750,2014-08-28 11:19:35,33,Norway,26-100,No,No,Don't know
751,2014-08-28 11:20:14,42,Germany,More than 1000,No,Maybe,Yes
752,2014-08-28 11:21:17,37,United States,100-500,No,No,Don't know
753,2014-08-28 11:21:48,40,Thailand,6-25,Maybe,Maybe,Yes
754,2014-08-28 11:22:04,36,United States,More than 1000,No,No,Yes
755,2014-08-28 11:26:15,29,United States,26-100,No,Maybe,Don't know
756,2014-08-28 11:27:56,38,United States,26-100,No,No,Don't know
757,2014-08-28 11:29:20,26,United States,More than 1000,No,Maybe,No
758,2014-08-28 11:32:37,34,Germany,26-100,Maybe,Maybe,Yes
759,2014-08-28 11:34:36,21,United States,More than 1000,No,Yes,No
760,2014-08-28 11:36:48,31,Canada,1-5,No,No,Yes
761,2014-08-28 11:38:30,37,United States,26-100,No,Maybe,Yes
762,2014-08-28 11:40:11,37,Ireland,1-5,Maybe,Maybe,Yes
763,2014-08-28 11:44:43,38,Ireland,1-5,No,No,No
764,2014-08-28 11:47:35,27,United States,100-500,No,Maybe,No
765,2014-08-28 11:48:12,39,Netherlands,6-25,Maybe,Maybe,Yes
766,2014-08-28 11:50:06,33,United States,1-5,No,No,No
767,2014-08-28 11:50:28,27,United Kingdom,26-100,Yes,Yes,Don't know
768,2014-08-28 11:54:23,36,United States,6-25,No,No,No
769,2014-08-28 11:58:21,28,United Kingdom,26-100,Maybe,Yes,Don't know
770,2014-08-28 11:59:23,39,United Kingdom,500-1000,No,No,Don't know
771,2014-08-28 12:02:59,33,United States,1-5,No,No,Yes
772,2014-08-28 12:05:41,32,United Kingdom,More than 1000,No,Yes,Don't know
773,2014-08-28 12:06:55,28,United Kingdom,More than 1000,Yes,Yes,No
774,2014-08-28 12:07:28,37,United Kingdom,6-25,No,Maybe,No
775,2014-08-28 12:08:30,39,Canada,100-500,No,Maybe,No
776,2014-08-28 12:09:18,43,United States,6-25,No,Maybe,No
777,2014-08-28 12:10:08,32,United Kingdom,More than 1000,Yes,Yes,Yes
778,2014-08-28 12:10:42,27,United States,More than 1000,No,No,Don't know
779,2014-08-28 12:12:49,31,United Kingdom,6-25,Maybe,Maybe,Don't know
780,2014-08-28 12:15:08,43,United Kingdom,26-100,Yes,Yes,Don't know
781,2014-08-28 12:19:34,33,United States,6-25,Yes,Yes,Don't know
782,2014-08-28 12:19:42,34,United Kingdom,More than 1000,No,Maybe,Yes
783,2014-08-28 12:22:14,33,United States,1-5,No,Maybe,Don't know
784,2014-08-28 12:23:37,25,United States,6-25,No,No,Don't know
785,2014-08-28 12:30:20,25,United States,More than 1000,No,No,No
786,2014-08-28 12:40:46,32,United Kingdom,1-5,No,Maybe,No
787,2014-08-28 12:42:12,25,United States,26-100,No,Maybe,Don't know
788,2014-08-28 12:42:30,37,Netherlands,100-500,No,No,Don't know
789,2014-08-28 12:44:55,39,Switzerland,More than 1000,No,Maybe,Yes
790,2014-08-28 12:53:21,29,United Kingdom,100-500,No,Maybe,Don't know
791,2014-08-28 13:01:26,33,United States,More than 1000,No,No,Don't know
792,2014-08-28 13:04:30,37,United States,6-25,No,Yes,No
793,2014-08-28 13:08:36,35,United States,100-500,No,Yes,No
794,2014-08-28 13:11:05,22,United States,More than 1000,No,Maybe,No
795,2014-08-28 13:17:40,38,United States,26-100,No,Maybe,No
796,2014-08-28 13:26:17,32,United States,100-500,No,No,Don't know
797,2014-08-28 13:32:37,28,Brazil,26-100,Maybe,Yes,No
798,2014-08-28 13:34:57,27,Switzerland,26-100,No,Yes,No
799,2014-08-28 13:35:25,35,United States,100-500,No,Maybe,Yes
800,2014-08-28 13:39:12,29,United States,100-500,No,Maybe,Don't know
801,2014-08-28 13:39:40,23,United States,6-25,Maybe,Maybe,Yes
802,2014-08-28 13:40:08,39,United States,26-100,No,No,Don't know
803,2014-08-28 13:41:51,30,United States,More than 1000,No,No,Yes
804,2014-08-28 13:47:37,32,United Kingdom,26-100,Maybe,Maybe,Don't know
805,2014-08-28 13:47:57,28,United States,26-100,No,No,No
806,2014-08-28 13:48:30,40,United States,100-500,No,No,Don't know
807,2014-08-28 13:54:47,36,United States,6-25,No,Maybe,Yes
808,2014-08-28 13:57:01,27,United States,26-100,Maybe,Maybe,Yes
809,2014-08-28 14:00:02,41,United States,More than 1000,No,Maybe,No
810,2014-08-28 14:01:56,29,United Kingdom,6-25,No,Maybe,Don't know
811,2014-08-28 14:02:07,29,United Kingdom,100-500,No,Maybe,No
812,2014-08-28 14:04:54,35,United States,1-5,No,Yes,No
813,2014-08-28 14:12:58,28,United States,6-25,No,No,Don't know
814,2014-08-28 14:15:02,36,United Kingdom,1-5,No,No,Don't know
815,2014-08-28 14:31:00,39,United States,26-100,No,Yes,Don't know
816,2014-08-28 14:38:50,39,United States,500-1000,No,No,Don't know
817,2014-08-28 14:41:47,44,United States,1-5,No,No,Yes
818,2014-08-28 14:46:08,26,Germany,6-25,Maybe,Maybe,Yes
819,2014-08-28 14:51:46,35,Denmark,1-5,Maybe,Yes,Yes
820,2014-08-28 14:52:46,40,United States,100-500,No,No,Don't know
821,2014-08-28 14:53:02,35,Denmark,1-5,Maybe,Yes,Yes
822,2014-08-28 14:53:32,38,United States,More than 1000,No,No,Don't know
823,2014-08-28 14:57:10,34,United States,More than 1000,No,Maybe,Yes
824,2014-08-28 15:01:46,43,United States,More than 1000,No,Maybe,Don't know
825,2014-08-28 15:25:39,48,United States,26-100,No,No,No
826,2014-08-28 15:32:03,20,United States,26-100,Maybe,Maybe,Yes
827,2014-08-28 15:37:04,40,United States,1-5,No,No,Don't know
828,2014-08-28 15:40:32,29,United Kingdom,6-25,No,Maybe,Don't know
829,2014-08-28 15:43:37,35,United States,1-5,No,No,Yes
830,2014-08-28 15:48:12,29,United States,More than 1000,No,No,Yes
831,2014-08-28 15:50:12,40,United States,100-500,No,Maybe,Don't know
832,2014-08-28 15:50:44,29,Sweden,6-25,No,No,Yes
833,2014-08-28 15:54:35,29,United States,100-500,No,Maybe,Don't know
834,2014-08-28 15:56:47,34,United States,1-5,No,Yes,Don't know
835,2014-08-28 16:09:35,44,United Kingdom,500-1000,No,Maybe,No
836,2014-08-28 16:17:09,24,United States,6-25,No,Yes,No
837,2014-08-28 16:31:00,47,United States,100-500,No,No,No
838,2014-08-28 16:42:49,43,United Kingdom,More than 1000,No,Maybe,Don't know
839,2014-08-28 16:52:23,36,United States,More than 1000,No,No,No
840,2014-08-28 16:52:34,43,United States,More than 1000,No,No,Don't know
841,2014-08-28 16:52:34,36,United Kingdom,6-25,No,Maybe,Don't know
842,2014-08-28 16:54:49,31,United States,100-500,Maybe,Maybe,Don't know
843,2014-08-28 16:55:07,35,United States,More than 1000,No,No,Don't know
844,2014-08-28 16:55:31,33,United States,26-100,No,No,Don't know
845,2014-08-28 16:56:26,37,Italy,26-100,No,No,No
846,2014-08-28 16:56:57,34,United States,100-500,No,No,Don't know
847,2014-08-28 16:56:58,36,Netherlands,1-5,No,No,Yes
848,2014-08-28 16:57:07,40,United States,1-5,No,No,Yes
849,2014-08-28 16:57:46,40,United States,More than 1000,No,Maybe,Don't know
850,2014-08-28 16:57:49,42,United States,1-5,No,Maybe,Don't know
851,2014-08-28 16:58:33,23,United States,26-100,No,No,Don't know
852,2014-08-28 16:58:33,21,United Kingdom,6-25,No,Maybe,Don't know
853,2014-08-28 16:58:50,26,Canada,6-25,No,Maybe,Don't know
854,2014-08-28 17:01:06,31,United States,6-25,No,No,Don't know
855,2014-08-28 17:01:21,25,United States,More than 1000,Maybe,Yes,Yes
856,2014-08-28 17:01:25,51,United States,More than 1000,No,No,Yes
857,2014-08-28 17:02:27,24,United States,6-25,No,Maybe,Don't know
858,2014-08-28 17:02:29,33,United States,100-500,No,No,No
859,2014-08-28 17:02:56,32,United Kingdom,6-25,No,No,No
860,2014-08-28 17:02:44,32,United Kingdom,6-25,No,No,No
861,2014-08-28 17:03:42,26,United Kingdom,1-5,Maybe,Maybe,Yes
862,2014-08-28 17:07:11,23,United States,100-500,Maybe,Maybe,Don't know
863,2014-08-28 17:07:28,33,United States,6-25,No,Maybe,No
864,2014-08-28 17:07:39,46,United States,More than 1000,No,Maybe,Yes
865,2014-08-28 17:08:16,34,United Kingdom,6-25,No,Yes,No
866,2014-08-28 17:09:03,35,United States,6-25,No,No,Don't know
867,2014-08-28 17:10:00,39,United States,1-5,Maybe,Maybe,No
868,2014-08-28 17:10:04,32,Germany,1-5,Maybe,Maybe,No
869,2014-08-28 17:10:08,43,Mexico,More than 1000,No,Maybe,Don't know
870,2014-08-28 17:11:48,56,United States,More than 1000,Yes,Yes,Yes
871,2014-08-28 17:12:30,32,United Kingdom,100-500,No,Yes,Don't know
872,2014-08-28 17:14:31,41,United Kingdom,26-100,No,Yes,No
873,2014-08-28 17:16:53,39,United States,More than 1000,No,No,Don't know
874,2014-08-28 17:19:05,37,United States,500-1000,No,No,No
875,2014-08-28 17:19:27,30,United States,6-25,No,Maybe,Don't know
876,2014-08-28 17:19:53,31,United States,26-100,No,Maybe,No
877,2014-08-28 17:20:23,29,United States,More than 1000,No,Maybe,Don't know
878,2014-08-28 17:20:41,23,United Kingdom,More than 1000,No,Maybe,Don't know
879,2014-08-28 17:21:01,31,United States,26-100,No,No,Don't know
880,2014-08-28 17:21:43,29,United States,26-100,No,No,Yes
881,2014-08-28 17:22:18,30,United States,26-100,Maybe,Maybe,Yes
882,2014-08-28 17:22:53,37,United States,500-1000,No,No,Yes
883,2014-08-28 17:23:19,36,United States,1-5,Yes,Yes,Yes
884,2014-08-28 17:27:03,35,United States,26-100,No,Maybe,No
885,2014-08-28 17:27:47,41,United States,500-1000,No,No,Don't know
886,2014-08-28 17:28:46,31,United Kingdom,6-25,No,No,Don't know
887,2014-08-28 17:28:58,38,United Kingdom,500-1000,No,Maybe,No
888,2014-08-28 17:31:06,26,India,100-500,No,No,Yes
889,2014-08-28 17:33:05,39,United States,More than 1000,Maybe,Maybe,Don't know
890,2014-08-28 17:33:20,42,United States,6-25,No,Maybe,Don't know
891,2014-08-28 17:34:30,32,United States,1-5,No,Maybe,Don't know
892,2014-08-28 17:35:14,29,United States,100-500,No,No,Don't know
893,2014-08-28 17:36:48,30,United States,100-500,Maybe,Maybe,No
894,2014-08-28 17:39:06,40,United States,500-1000,No,Yes,Don't know
895,2014-08-28 17:45:21,51,United States,100-500,No,No,Don't know
896,2014-08-28 17:46:37,33,United States,More than 1000,No,No,Yes
897,2014-08-28 17:47:45,34,Germany,1-5,No,No,Don't know
898,2014-08-28 17:47:49,50,United States,1-5,No,Maybe,Yes
899,2014-08-28 17:50:32,24,United States,26-100,No,Maybe,No
900,2014-08-28 17:56:02,25,United States,26-100,No,Maybe,No
901,2014-08-28 17:57:39,43,United Kingdom,26-100,No,No,No
902,2014-08-28 17:57:42,25,United States,1-5,No,No,Yes
903,2014-08-28 17:59:31,24,United Kingdom,1-5,No,Maybe,Yes
904,2014-08-28 17:59:54,51,United States,1-5,Maybe,Maybe,Don't know
905,2014-08-28 17:59:57,49,United States,More than 1000,No,Maybe,No
906,2014-08-28 18:01:00,30,United States,More than 1000,No,No,Don't know
907,2014-08-28 18:02:09,25,United States,More than 1000,No,No,No
908,2014-08-28 18:07:42,36,United States,500-1000,No,Maybe,Don't know
909,2014-08-28 18:17:41,48,United States,More than 1000,No,Maybe,Yes
910,2014-08-28 18:18:43,48,Australia,6-25,No,Maybe,No
911,2014-08-28 18:21:23,53,United States,6-25,No,No,Don't know
912,2014-08-28 18:21:58,24,United Kingdom,6-25,No,No,Don't know
913,2014-08-28 18:26:35,33,United States,26-100,No,No,Don't know
914,2014-08-28 18:50:47,25,Canada,6-25,No,No,Don't know
915,2014-08-28 19:03:47,30,United Kingdom,26-100,No,Maybe,No
916,2014-08-28 19:04:05,30,United States,1-5,Maybe,Maybe,Don't know
917,2014-08-28 19:15:35,34,United Kingdom,1-5,No,No,Yes
918,2014-08-28 19:26:03,31,United States,More than 1000,Maybe,Yes,Yes
919,2014-08-28 19:28:27,22,United States,More than 1000,No,No,Don't know
920,2014-08-28 19:35:39,28,United States,6-25,No,Yes,Don't know
921,2014-08-28 20:12:08,35,United States,26-100,No,No,No
922,2014-08-28 20:31:02,28,United States,26-100,No,No,Yes
923,2014-08-28 20:49:55,42,New Zealand,More than 1000,No,Yes,No
924,2014-08-28 21:22:40,33,United States,500-1000,Yes,Yes,Yes
925,2014-08-28 21:24:48,29,United States,More than 1000,No,No,Don't know
926,2014-08-28 21:27:19,43,United States,500-1000,No,Maybe,No
927,2014-08-28 21:30:35,29,United States,26-100,Maybe,Maybe,Yes
928,2014-08-28 21:33:32,25,United States,100-500,Maybe,Maybe,Don't know
929,2014-08-28 21:38:12,31,United States,100-500,No,No,Don't know
930,2014-08-28 21:41:53,35,United States,6-25,No,Maybe,Yes
931,2014-08-28 21:47:33,34,United States,1-5,No,Maybe,Yes
932,2014-08-28 22:16:34,43,United States,100-500,No,Maybe,No
933,2014-08-28 22:17:15,38,United States,100-500,No,Maybe,No
934,2014-08-28 22:18:41,26,United States,More than 1000,Yes,Yes,No
935,2014-08-28 22:20:33,38,United Kingdom,1-5,No,No,No
936,2014-08-28 22:22:39,42,United States,6-25,No,Maybe,Don't know
937,2014-08-28 22:23:47,33,Netherlands,6-25,Maybe,Maybe,Yes
938,2014-08-28 22:35:10,32,United States,More than 1000,No,No,Don't know
939,2014-08-28 22:39:57,44,United States,6-25,No,Maybe,No
940,2014-08-28 22:46:40,28,United States,More than 1000,No,No,No
941,2014-08-28 23:03:05,40,United States,More than 1000,No,Maybe,Don't know
942,2014-08-28 23:13:18,31,United States,500-1000,No,No,Yes
943,2014-08-28 23:16:30,32,United States,100-500,No,No,Don't know
944,2014-08-28 23:57:07,28,United States,More than 1000,No,Maybe,No
945,2014-08-29 00:05:07,39,United States,26-100,No,No,No
946,2014-08-29 00:06:49,45,United States,More than 1000,No,No,Yes
947,2014-08-29 00:11:17,43,United States,More than 1000,Maybe,Yes,Yes
948,2014-08-29 00:41:25,35,United States,More than 1000,No,No,Don't know
949,2014-08-29 00:43:37,40,United States,6-25,No,No,Don't know
950,2014-08-29 00:47:09,34,Netherlands,26-100,Maybe,Maybe,Yes
951,2014-08-29 01:14:09,24,United Kingdom,26-100,No,Maybe,No
952,2014-08-29 01:20:32,61,South Africa,1-5,No,Maybe,No
953,2014-08-29 01:40:36,36,United States,6-25,No,No,Don't know
954,2014-08-29 02:10:57,38,United States,6-25,Maybe,Maybe,Don't know
955,2014-08-29 02:24:13,33,Germany,26-100,Yes,Yes,Yes
956,2014-08-29 03:02:16,30,United States,More than 1000,No,No,No
957,2014-08-29 03:02:45,34,Netherlands,1-5,No,Maybe,Yes
958,2014-08-29 03:08:25,26,United States,More than 1000,No,Maybe,No
959,2014-08-29 04:39:23,33,United Kingdom,More than 1000,Maybe,Maybe,Don't know
960,2014-08-29 04:53:12,32,United Kingdom,6-25,No,Maybe,No
961,2014-08-29 05:15:30,25,Germany,6-25,Yes,Yes,Yes
962,2014-08-29 05:24:07,35,Germany,26-100,No,Maybe,Don't know
963,2014-08-29 05:39:21,24,United Kingdom,1-5,No,Maybe,Don't know
964,2014-08-29 05:47:19,55,United Kingdom,More than 1000,No,Maybe,No
965,2014-08-29 05:54:26,33,United Kingdom,1-5,No,Maybe,No
966,2014-08-29 05:57:48,26,United Kingdom,1-5,No,Maybe,Yes
967,2014-08-29 06:06:46,25,United Kingdom,6-25,No,No,Don't know
968,2014-08-29 06:37:49,45,United Kingdom,100-500,No,Maybe,Don't know
969,2014-08-29 06:42:57,33,United Kingdom,1-5,No,No,Don't know
970,2014-08-29 07:12:43,43,United States,More than 1000,No,Maybe,No
971,2014-08-29 07:21:30,30,United Kingdom,6-25,No,No,Yes
972,2014-08-29 07:28:17,40,United States,6-25,No,Maybe,Don't know
973,2014-08-29 07:51:42,49,United States,More than 1000,No,No,Yes
974,2014-08-29 08:26:36,29,Germany,6-25,Maybe,Yes,Don't know
975,2014-08-29 08:36:24,26,Germany,500-1000,Maybe,Maybe,Don't know
976,2014-08-29 08:46:31,38,United States,More than 1000,No,Maybe,No
977,2014-08-29 08:53:19,27,France,500-1000,No,Maybe,Don't know
978,2014-08-29 08:54:23,26,Belgium,6-25,No,No,Don't know
979,2014-08-29 08:57:14,28,United Kingdom,26-100,No,No,No
980,2014-08-29 08:57:42,40,United States,1-5,No,Maybe,No
981,2014-08-29 08:59:08,37,Canada,1-5,Maybe,Maybe,Don't know
982,2014-08-29 08:59:40,34,United Kingdom,26-100,No,No,Don't know
983,2014-08-29 09:01:01,28,United States,100-500,No,Yes,Don't know
984,2014-08-29 09:01:45,27,Canada,26-100,Maybe,Maybe,Yes
985,2014-08-29 09:02:04,29,United Kingdom,6-25,No,Yes,Yes
986,2014-08-29 09:02:56,39,United Kingdom,500-1000,No,No,No
987,2014-08-29 09:03:50,28,United Kingdom,6-25,No,Yes,Yes
988,2014-08-29 09:10:08,23,United States,26-100,No,Maybe,Don't know
989,2014-08-29 09:10:58,8,"Bahamas, The",1-5,Yes,Yes,Yes
990,2014-08-29 09:12:16,38,United Kingdom,1-5,No,No,Don't know
991,2014-08-29 09:13:43,19,United Kingdom,6-25,No,No,Yes
992,2014-08-29 09:14:45,30,United States,26-100,No,No,Yes
993,2014-08-29 09:15:05,28,United Kingdom,1-5,No,No,Yes
994,2014-08-29 09:15:52,20,India,26-100,No,Maybe,Yes
995,2014-08-29 09:19:25,35,United Kingdom,1-5,No,No,Don't know
996,2014-08-29 09:24:34,39,United States,100-500,No,No,Don't know
997,2014-08-29 09:23:22,31,United States,More than 1000,No,No,Don't know
998,2014-08-29 09:23:44,32,United Kingdom,500-1000,No,No,Don't know
999,2014-08-29 09:27:12,27,Sweden,6-25,No,No,Don't know
1000,2014-08-29 09:29:37,25,United States,6-25,Maybe,Maybe,Don't know
1001,2014-08-29 09:31:37,42,United States,6-25,No,Maybe,Don't know
1002,2014-08-29 09:31:49,34,United States,100-500,Maybe,Maybe,Don't know
1003,2014-08-29 09:33:43,26,United States,26-100,Maybe,Maybe,Don't know
1004,2014-08-29 09:35:46,35,United Kingdom,1-5,No,Maybe,Yes
1005,2014-08-29 09:36:04,34,United Kingdom,500-1000,No,No,Yes
1006,2014-08-29 09:36:46,38,United States,100-500,Yes,Yes,Don't know
1007,2014-08-29 09:40:13,34,United States,100-500,No,Maybe,Don't know
1008,2014-08-29 09:42:23,39,United States,6-25,Maybe,Yes,Yes
1009,2014-08-29 09:46:56,44,United States,100-500,No,No,Don't know
1010,2014-08-29 09:47:10,40,United States,More than 1000,No,No,Don't know
1011,2014-08-29 09:47:30,33,United States,1-5,No,No,Yes
1012,2014-08-29 09:51:35,24,United States,More than 1000,No,No,No
1013,2014-08-29 09:53:38,38,United States,26-100,No,No,Don't know
1014,2014-08-29 09:53:50,31,United States,More than 1000,No,Maybe,Yes
1015,2014-08-29 09:54:01,23,Israel,100-500,Maybe,Yes,Don't know
1016,2014-08-29 09:54:11,26,United States,6-25,No,Maybe,Yes
1017,2014-08-29 09:58:55,46,United States,More than 1000,No,No,No
1018,2014-08-29 09:59:39,30,United States,26-100,No,Maybe,Don't know
1019,2014-08-29 10:03:24,25,United States,26-100,No,Yes,Don't know
1020,2014-08-29 10:05:57,19,Canada,26-100,No,Maybe,No
1021,2014-08-29 10:06:29,30,United States,500-1000,No,No,No
1022,2014-08-29 10:12:10,32,United States,6-25,No,Maybe,Yes
1023,2014-08-29 10:13:39,32,United Kingdom,6-25,No,Maybe,Don't know
1024,2014-08-29 10:13:43,37,United States,26-100,No,Maybe,No
1025,2014-08-29 10:16:45,42,United States,6-25,No,No,Don't know
1026,2014-08-29 10:27:15,25,United States,More than 1000,Maybe,No,Yes
1027,2014-08-29 10:30:09,19,United States,1-5,Maybe,Maybe,Don't know
1028,2014-08-29 10:32:24,40,United States,100-500,No,No,Don't know
1029,2014-08-29 10:33:45,34,United States,More than 1000,No,No,Don't know
1030,2014-08-29 10:38:23,26,United States,6-25,No,No,Yes
1031,2014-08-29 10:38:29,31,United States,6-25,Maybe,Maybe,Yes
1032,2014-08-29 10:55:24,40,United States,More than 1000,No,Maybe,No
1033,2014-08-29 10:59:57,31,United States,26-100,No,Yes,No
1034,2014-08-29 11:01:41,36,United States,100-500,No,Maybe,Don't know
1035,2014-08-29 11:02:23,35,Canada,6-25,No,No,Don't know
1036,2014-08-29 11:04:19,26,Australia,26-100,No,Maybe,Yes
1037,2014-08-29 11:05:00,44,United States,More than 1000,No,No,No
1038,2014-08-29 11:11:00,34,United States,1-5,No,Maybe,Yes
1039,2014-08-29 11:12:22,35,United States,6-25,No,No,Don't know
1040,2014-08-29 11:19:46,28,United States,26-100,No,Maybe,No
1041,2014-08-29 11:20:13,33,United States,6-25,No,No,Yes
1042,2014-08-29 11:20:28,40,United States,More than 1000,No,Maybe,Don't know
1043,2014-08-29 11:20:52,26,United States,6-25,No,Maybe,Don't know
1044,2014-08-29 11:22:46,29,United Kingdom,More than 1000,No,Yes,No
1045,2014-08-29 11:23:21,26,Canada,100-500,No,Maybe,Don't know
1046,2014-08-29 11:24:48,33,Italy,6-25,No,No,Don't know
1047,2014-08-29 11:25:30,28,Brazil,100-500,No,No,Don't know
1048,2014-08-29 11:27:47,41,United States,1-5,No,No,Yes
1049,2014-08-29 11:32:22,39,United Kingdom,1-5,No,Maybe,Yes
1050,2014-08-29 11:32:44,26,United States,More than 1000,No,Maybe,No
1051,2014-08-29 11:33:54,23,United States,26-100,No,Maybe,No
1052,2014-08-29 11:34:07,35,Switzerland,More than 1000,No,Maybe,No
1053,2014-08-29 11:36:38,36,United States,1-5,No,No,Don't know
1054,2014-08-29 11:39:33,42,United States,More than 1000,No,Maybe,No
1055,2014-08-29 11:40:29,39,United States,500-1000,No,No,Yes
1056,2014-08-29 11:43:12,27,United States,6-25,Maybe,Maybe,Don't know
1057,2014-08-29 11:44:33,33,United States,6-25,No,Maybe,Yes
1058,2014-08-29 11:46:27,31,Canada,More than 1000,No,Maybe,Don't know
1059,2014-08-29 11:53:59,28,United States,6-25,No,Yes,Don't know
1060,2014-08-29 11:54:38,29,United States,More than 1000,Maybe,Maybe,Don't know
1061,2014-08-29 11:56:18,27,United States,100-500,No,Maybe,No
1062,2014-08-29 12:00:33,44,United States,1-5,No,No,Don't know
1063,2014-08-29 12:08:12,25,United States,6-25,No,Maybe,Don't know
1064,2014-08-29 12:15:57,24,Germany,6-25,No,No,Don't know
1065,2014-08-29 12:20:01,25,South Africa,6-25,No,Maybe,No
1066,2014-08-29 12:26:21,34,United States,6-25,No,Maybe,Don't know
1067,2014-08-29 12:27:54,26,United States,More than 1000,No,No,Don't know
1068,2014-08-29 12:45:11,48,United States,26-100,No,Maybe,Don't know
1069,2014-08-29 12:48:20,34,Greece,26-100,No,Maybe,No
1070,2014-08-29 12:54:31,39,United States,6-25,No,Maybe,No
1071,2014-08-29 13:17:33,43,United States,More than 1000,No,No,Don't know
1072,2014-08-29 13:23:40,41,United States,More than 1000,No,No,Yes
1073,2014-08-29 13:58:25,25,United States,More than 1000,No,No,Don't know
1074,2014-08-29 14:04:59,31,United States,100-500,No,Maybe,No
1075,2014-08-29 14:09:21,40,United States,More than 1000,No,Maybe,No
1076,2014-08-29 14:31:00,43,United States,1-5,No,Maybe,Don't know
1077,2014-08-29 14:51:49,27,United States,More than 1000,No,Maybe,No
1078,2014-08-29 14:59:43,37,United States,26-100,No,Maybe,Don't know
1079,2014-08-29 15:10:39,32,Netherlands,1-5,No,Maybe,No
1080,2014-08-29 15:59:55,25,United States,1-5,No,Maybe,No
1081,2014-08-29 16:07:05,29,Netherlands,1-5,Maybe,No,Yes
1082,2014-08-29 16:17:32,30,United States,More than 1000,No,Maybe,No
1083,2014-08-29 16:21:16,34,Canada,26-100,No,No,Yes
1084,2014-08-29 16:30:50,32,United Kingdom,1-5,No,Maybe,No
1085,2014-08-29 16:50:08,37,Germany,6-25,Maybe,Maybe,Yes
1086,2014-08-29 16:51:31,41,Germany,More than 1000,No,No,Yes
1087,2014-08-29 16:56:06,38,United States,More than 1000,No,No,No
1088,2014-08-29 17:04:07,32,United States,26-100,No,Maybe,Don't know
1089,2014-08-29 17:04:12,28,United States,100-500,No,No,Yes
1090,2014-08-29 17:26:15,11,United States,1-5,No,Maybe,Yes
1091,2014-08-29 17:32:31,43,United States,100-500,No,Maybe,No
1092,2014-08-29 17:35:16,32,United States,100-500,No,Yes,No
1093,2014-08-29 17:54:32,25,United States,More than 1000,No,No,Yes
1094,2014-08-29 18:33:32,37,United States,100-500,No,No,Yes
1095,2014-08-29 18:39:07,36,United States,1-5,No,No,No
1096,2014-08-29 19:32:13,24,United States,6-25,Maybe,Yes,Yes
1097,2014-08-29 19:34:40,40,United States,More than 1000,No,Maybe,Don't know
1098,2014-08-29 20:53:09,29,United States,More than 1000,No,Maybe,Yes
1099,2014-08-29 20:53:58,43,United States,500-1000,No,No,Yes
1100,2014-08-29 21:26:44,29,United States,6-25,Maybe,Yes,Don't know
1101,2014-08-29 21:28:14,26,United States,100-500,No,Maybe,Don't know
1102,2014-08-29 21:40:26,33,Canada,1-5,No,Maybe,No
1103,2014-08-29 22:08:51,35,United States,6-25,No,No,Yes
1104,2014-08-29 23:51:01,45,United States,6-25,No,Maybe,Don't know
1105,2014-08-30 00:09:55,25,United States,6-25,No,Maybe,Don't know
1106,2014-08-30 03:55:19,50,France,26-100,No,No,Don't know
1107,2014-08-30 05:05:44,26,Australia,26-100,Maybe,Yes,Yes
1108,2014-08-30 05:47:08,33,United States,More than 1000,No,Maybe,Don't know
1109,2014-08-30 06:48:28,30,India,6-25,Maybe,Maybe,Don't know
1110,2014-08-30 07:31:05,33,Croatia,6-25,Maybe,Maybe,Yes
1111,2014-08-30 11:48:52,29,France,6-25,No,Yes,No
1112,2014-08-30 12:35:06,37,Germany,6-25,Maybe,Yes,Don't know
1113,2014-08-30 13:23:57,25,United States,1-5,Maybe,Yes,Don't know
1114,2014-08-30 13:48:34,40,United States,More than 1000,No,Maybe,Don't know
1115,2014-08-30 13:55:45,24,Canada,26-100,No,Maybe,Don't know
1116,2014-08-30 14:00:22,40,United Kingdom,100-500,No,Maybe,Don't know
1117,2014-08-30 15:57:04,46,United States,6-25,No,Maybe,Don't know
1118,2014-08-30 16:13:40,38,United States,More than 1000,No,Yes,Don't know
1119,2014-08-30 16:38:02,34,United States,1-5,No,No,Don't know
1120,2014-08-30 18:29:00,32,United Kingdom,1-5,No,Yes,No
1121,2014-08-30 19:35:58,44,United Kingdom,More than 1000,No,No,No
1122,2014-08-30 19:56:23,33,United Kingdom,100-500,No,Maybe,No
1123,2014-08-30 20:12:33,45,United States,26-100,No,Maybe,Don't know
1124,2014-08-30 20:19:37,35,United States,6-25,No,No,Yes
1125,2014-08-30 20:43:51,26,Germany,1-5,Maybe,Yes,No
1126,2014-08-30 20:46:35,20,United States,26-100,Maybe,Maybe,Don't know
1127,2014-08-30 20:55:11,-1,United States,1-5,Yes,Yes,Yes
1128,2014-08-31 04:31:11,37,Netherlands,6-25,No,Maybe,Yes
1129,2014-08-31 09:19:43,28,United States,More than 1000,No,Yes,No
1130,2014-08-31 15:03:12,42,United States,26-100,No,Yes,No
1131,2014-08-31 15:23:16,32,United Kingdom,26-100,No,No,Don't know
1132,2014-08-31 16:48:13,36,United States,More than 1000,No,No,Don't know
1133,2014-08-31 22:11:48,27,New Zealand,26-100,No,Maybe,No
1134,2014-08-31 22:16:40,27,New Zealand,26-100,No,Maybe,No
1135,2014-09-01 04:28:55,27,United Kingdom,More than 1000,Maybe,Maybe,No
1136,2014-09-01 06:52:31,25,United Kingdom,26-100,No,Maybe,Yes
1137,2014-09-01 06:53:28,41,United Kingdom,6-25,Maybe,Maybe,Don't know
1138,2014-09-01 08:19:15,23,Germany,6-25,No,No,Don't know
1139,2014-09-01 08:23:15,21,United Kingdom,More than 1000,No,No,Don't know
1140,2014-09-01 09:12:15,26,Moldova,26-100,Yes,Yes,Don't know
1141,2014-09-01 09:15:34,29,Sweden,More than 1000,No,Yes,Don't know
1142,2014-09-01 10:06:14,28,Belgium,More than 1000,No,No,Don't know
1143,2014-09-01 10:40:32,27,United Kingdom,More than 1000,No,Yes,Yes
1144,2014-09-01 12:00:28,23,Israel,More than 1000,No,Yes,Yes
1145,2014-09-01 12:45:24,26,United States,26-100,No,No,Don't know
1146,2014-09-01 17:59:14,38,United Kingdom,1-5,Maybe,Yes,Don't know
1147,2014-09-01 21:03:25,39,United Kingdom,More than 1000,Maybe,Maybe,Yes
1148,2014-09-01 21:34:12,35,United States,More than 1000,No,Yes,Don't know
1149,2014-09-01 22:58:47,32,United States,6-25,No,Maybe,Don't know
1150,2014-09-02 03:13:53,32,United States,More than 1000,No,No,Don't know
1151,2014-09-02 04:00:58,26,United Kingdom,6-25,No,Maybe,Don't know
1152,2014-09-02 08:00:33,38,Canada,100-500,No,Maybe,No
1153,2014-09-02 08:24:43,34,United Kingdom,26-100,Maybe,Maybe,Yes
1154,2014-09-02 09:57:22,39,United States,26-100,No,Maybe,Don't know
1155,2014-09-02 13:18:35,32,Canada,6-25,Maybe,Maybe,Yes
1156,2014-09-02 17:04:56,37,Netherlands,1-5,No,No,Don't know
1157,2014-09-02 20:23:49,31,United Kingdom,6-25,No,No,Don't know
1158,2014-09-02 20:57:56,30,United States,6-25,No,No,Don't know
1159,2014-09-03 01:32:51,51,Singapore,More than 1000,No,No,No
1160,2014-09-03 13:09:52,29,United States,26-100,No,Maybe,Don't know
1161,2014-09-04 06:23:48,31,United Kingdom,100-500,No,No,Yes
1162,2014-09-04 08:35:49,31,India,26-100,No,No,Don't know
1163,2014-09-04 17:38:22,26,United States,6-25,Maybe,Maybe,Don't know
1164,2014-09-04 23:42:28,46,United States,100-500,No,Maybe,No
1165,2014-09-05 14:15:48,32,United States,More than 1000,No,No,Don't know
1166,2014-09-05 14:19:00,29,United States,26-100,No,Maybe,Don't know
1167,2014-09-08 00:52:31,34,Poland,More than 1000,No,Yes,Don't know
1168,2014-09-08 16:46:53,26,Colombia,6-25,No,Maybe,Yes
1169,2014-09-08 21:30:59,32,United States,More than 1000,No,No,No
1170,2014-09-09 13:49:50,29,United States,More than 1000,Maybe,Yes,No
1171,2014-09-11 17:00:30,30,United States,More than 1000,No,No,Don't know
1172,2014-09-12 19:18:18,40,United States,26-100,No,Maybe,Yes
1173,2014-09-13 07:52:27,23,United Kingdom,1-5,Yes,Yes,No
1174,2014-09-14 09:04:08,20,Georgia,26-100,No,Maybe,No
1175,2014-09-14 20:50:05,38,United States,6-25,No,No,Don't know
1176,2014-09-20 13:51:05,26,United States,100-500,No,Maybe,No
1177,2014-09-23 20:05:05,29,United States,26-100,No,Yes,No
1178,2014-09-26 08:45:56,40,China,1-5,Maybe,Maybe,Don't know
1179,2014-09-26 10:05:55,25,Bulgaria,26-100,Maybe,No,No
1180,2014-09-26 21:25:14,32,United States,26-100,No,No,No
1181,2014-09-30 09:19:01,38,United States,More than 1000,No,Maybe,No
1182,2014-10-02 21:25:16,72,United States,500-1000,No,No,Don't know
1183,2014-10-05 21:16:10,35,United States,1-5,No,No,Yes
1184,2014-10-09 11:14:59,28,United States,6-25,No,No,Don't know
1185,2014-11-05 10:08:44,27,United States,100-500,No,No,Yes
1186,2014-11-06 11:24:38,56,United States,1-5,No,No,Don't know
1187,2014-11-16 08:42:35,38,United States,26-100,No,No,Don't know
1188,2014-12-01 09:58:28,31,Belgium,26-100,No,No,Don't know
1189,2014-12-15 00:43:49,40,United States,6-25,No,No,Yes
1190,2015-01-03 03:38:30,44,United States,100-500,No,No,Don't know
1191,2015-02-21 04:16:05,34,Canada,More than 1000,No,Maybe,Don't know
1192,2015-02-21 04:16:23,37,United Kingdom,26-100,No,Yes,Don't know
1193,2015-02-21 04:18:48,38,Italy,26-100,Yes,Maybe,No
1194,2015-02-21 04:19:28,27,Germany,26-100,Yes,Yes,Don't know
1195,2015-02-21 04:23:05,34,Ireland,500-1000,No,No,Yes
1196,2015-02-21 04:32:45,35,Ireland,1-5,No,Maybe,No
1197,2015-02-21 04:34:56,34,Ireland,6-25,No,Maybe,No
1198,2015-02-21 04:41:28,32,United States,26-100,No,No,Don't know
1199,2015-02-21 04:51:53,25,Ireland,100-500,No,No,Don't know
1200,2015-02-21 04:55:11,28,Australia,100-500,No,Maybe,No
1201,2015-02-21 05:11:37,28,United States,6-25,No,No,No
1202,2015-02-21 05:34:27,31,Brazil,1-5,No,Maybe,Don't know
1203,2015-02-21 05:55:13,24,United Kingdom,100-500,No,Maybe,Don't know
1204,2015-02-21 05:55:17,34,Ireland,1-5,No,No,Don't know
1205,2015-02-21 06:06:09,32,Ireland,6-25,No,Maybe,Don't know
1206,2015-02-21 06:19:41,34,United Kingdom,26-100,Maybe,Yes,Yes
1207,2015-02-21 08:21:36,23,United States,1-5,No,No,No
1208,2015-02-21 08:54:40,33,Czech Republic,100-500,Maybe,Maybe,Don't know
1209,2015-02-21 08:56:27,29,Singapore,26-100,No,Maybe,No
1210,2015-02-21 09:10:26,24,Ireland,1-5,No,No,Don't know
1211,2015-02-21 09:16:45,45,Ireland,More than 1000,No,No,No
1212,2015-02-21 09:18:20,34,United Kingdom,More than 1000,No,Maybe,No
1213,2015-02-21 09:19:12,31,Philippines,More than 1000,No,Maybe,No
1214,2015-02-21 09:22:23,33,United States,26-100,No,Maybe,Don't know
1215,2015-02-21 09:29:20,28,Netherlands,6-25,No,No,Don't know
1216,2015-02-21 09:30:14,27,United Kingdom,More than 1000,No,No,Don't know
1217,2015-02-21 09:30:29,42,Ireland,26-100,No,No,No
1218,2015-02-21 09:33:29,28,Netherlands,6-25,No,No,Don't know
1219,2015-02-21 09:48:13,38,United States,More than 1000,No,No,Don't know
1220,2015-02-21 10:00:50,46,United States,26-100,No,No,No
1221,2015-02-21 10:45:51,46,United States,100-500,Yes,Yes,Don't know
1222,2015-02-21 11:48:52,41,Netherlands,1-5,Yes,Yes,Yes
1223,2015-02-21 11:55:46,23,United Kingdom,26-100,No,Maybe,Yes
1224,2015-02-21 13:19:11,24,Ireland,More than 1000,No,Maybe,Yes
1225,2015-02-21 15:28:57,23,Ireland,26-100,No,Maybe,Don't know
1226,2015-02-21 17:19:18,39,Netherlands,More than 1000,No,No,Yes
1227,2015-02-21 18:54:12,32,Ireland,More than 1000,No,No,Don't know
1228,2015-02-21 18:59:05,25,United States,26-100,No,Maybe,Don't know
1229,2015-02-22 02:40:32,39,Greece,6-25,No,No,Don't know
1230,2015-02-24 08:54:35,23,United Kingdom,6-25,Maybe,Maybe,Yes
1231,2015-02-24 08:58:08,24,United Kingdom,6-25,No,Maybe,Don't know
1232,2015-02-24 09:00:56,25,United Kingdom,More than 1000,Yes,Yes,Yes
1233,2015-02-24 09:13:49,23,United Kingdom,6-25,No,Maybe,Don't know
1234,2015-02-24 09:15:13,24,United Kingdom,6-25,No,Maybe,Don't know
1235,2015-02-24 09:18:25,23,Canada,26-100,No,No,Don't know
1236,2015-02-24 10:32:32,60,United States,More than 1000,No,Maybe,Don't know
1237,2015-02-26 05:44:16,28,Ireland,26-100,No,No,No
1238,2015-04-02 15:47:43,28,United States,More than 1000,No,No,No
1239,2015-04-04 11:22:05,30,Netherlands,500-1000,Maybe,Yes,Don't know
1240,2015-04-06 14:58:29,31,Germany,100-500,No,No,Don't know
1241,2015-04-11 14:35:22,31,Poland,6-25,No,No,Don't know
1242,2015-04-23 14:03:51,28,Ireland,26-100,No,Maybe,Don't know
1243,2015-05-05 14:22:18,43,United States,More than 1000,No,No,Don't know
1244,2015-05-05 15:16:25,32,United Kingdom,More than 1000,No,Yes,No
1245,2015-05-06 10:14:50,22,Australia,100-500,No,Maybe,Don't know
1246,2015-05-06 16:55:58,32,United States,100-500,Maybe,Yes,Don't know
1247,2015-05-07 10:08:50,36,Finland,6-25,No,Maybe,Don't know
1248,2015-06-25 12:24:31,41,United States,26-100,No,No,Don't know
1249,2015-07-22 18:57:54,30,United States,26-100,Maybe,Maybe,Yes
1250,2015-07-27 23:25:34,30,United States,26-100,Maybe,Maybe,Yes
1251,2015-08-17 09:38:35,36,South Africa,100-500,No,Yes,Yes
1252,2015-08-20 16:52:09,29,United States,100-500,No,Maybe,No
1253,2015-08-25 19:59:38,36,United States,More than 1000,No,No,Don't know
1254,2015-09-12 11:17:21,26,United Kingdom,26-100,No,No,Don't know
1255,2015-09-26 01:07:35,32,United States,26-100,No,No,Yes
1256,2015-11-07 12:36:58,34,United States,More than 1000,No,No,No
1257,2015-11-30 21:25:06,46,United States,100-500,No,No,No
1258,2016-02-01 23:04:31,25,United States,26-100,No,No,Don't know
