,Age,Country,# of Employees,Mental Health Interview,Physical Health Interview,Mental & Physical,Year
0,37,United States,6-25,No,Maybe,Yes,2014
1,44,United States,More than 1000,No,No,Don't know,2014
2,32,Canada,6-25,Yes,Yes,No,2014
3,31,United Kingdom,26-100,Maybe,Maybe,No,2014
4,31,United States,100-500,Yes,Yes,Don't know,2014
5,33,United States,6-25,No,Maybe,Don't know,2014
6,35,United States,1-5,No,No,Don't know,2014
7,39,Canada,1-5,No,No,No,2014
8,42,United States,100-500,No,Maybe,No,2014
9,23,Canada,26-100,Maybe,Maybe,Yes,2014
10,31,United States,6-25,No,No,Don't know,2014
11,29,Bulgaria,100-500,Yes,Yes,Don't know,2014
12,42,United States,26-100,Maybe,Maybe,No,2014
13,36,United States,500-1000,No,No,Don't know,2014
14,27,Canada,6-25,Maybe,Yes,Yes,2014
15,29,United States,26-100,Maybe,Maybe,Don't know,2014
16,23,United Kingdom,26-100,Maybe,Maybe,No,2014
17,32,United States,6-25,No,No,No,2014
18,46,United States,1-5,No,Yes,Yes,2014
19,36,France,6-25,Maybe,Maybe,Don't know,2014
20,29,United States,100-500,No,No,No,2014
21,31,United States,1-5,No,Maybe,Yes,2014
22,46,United States,26-100,No,Maybe,No,2014
23,41,United States,More than 1000,No,Yes,Don't know,2014
24,33,United States,26-100,No,Yes,Don't know,2014
25,35,United States,More than 1000,No,Yes,No,2014
26,33,United States,1-5,No,No,Don't know,2014
27,35,United States,6-25,Maybe,Maybe,Yes,2014
28,34,United States,26-100,No,No,No,2014
29,37,United Kingdom,6-25,No,Maybe,No,2014
30,32,United Kingdom,6-25,No,Maybe,No,2014
31,31,United States,1-5,No,No,No,2014
32,30,United Kingdom,500-1000,No,Yes,Don't know,2014
33,42,United States,26-100,Maybe,Yes,Don't know,2014
34,40,United States,1-5,No,Maybe,Yes,2014
35,27,United States,6-25,Maybe,Maybe,Don't know,2014
36,29,Canada,1-5,No,No,Don't know,2014
37,38,Portugal,100-500,No,Maybe,No,2014
38,50,United States,100-500,No,Maybe,Don't know,2014
39,35,United States,More than 1000,Maybe,Maybe,Yes,2014
40,24,United Kingdom,6-25,No,Yes,No,2014
41,35,United States,More than 1000,No,Maybe,Don't know,2014
42,27,Canada,1-5,No,No,Yes,2014
43,18,Netherlands,6-25,No,No,No,2014
44,30,United States,26-100,No,Maybe,Don't know,2014
45,38,United States,26-100,No,No,Yes,2014
46,28,United Kingdom,26-100,Maybe,Yes,Don't know,2014
47,34,United States,6-25,Maybe,Yes,Don't know,2014
48,26,Canada,1-5,No,No,Yes,2014
49,30,United States,26-100,No,No,Don't know,2014
50,22,United States,6-25,No,Maybe,Don't know,2014
51,33,United States,100-500,Maybe,Maybe,Don't know,2014
52,31,United States,100-500,Maybe,Maybe,Don't know,2014
53,32,United States,1-5,No,No,Don't know,2014
54,28,Switzerland,100-500,No,Maybe,Don't know,2014
55,27,United States,26-100,No,No,Don't know,2014
56,32,United States,6-25,No,No,Yes,2014
57,24,United States,26-100,Yes,Yes,No,2014
58,26,United States,26-100,Maybe,Yes,Don't know,2014
59,33,Canada,6-25,No,Maybe,Don't know,2014
60,44,United States,More than 1000,No,Maybe,Don't know,2014
61,26,Poland,26-100,Maybe,Yes,Yes,2014
62,27,United Kingdom,100-500,Maybe,Maybe,Yes,2014
63,26,France,26-100,No,No,No,2014
64,35,Canada,6-25,No,Maybe,Don't know,2014
65,40,United States,More than 1000,No,No,No,2014
66,23,Australia,1-5,No,Maybe,Yes,2014
67,36,United States,100-500,Maybe,Yes,Yes,2014
68,31,United States,26-100,No,Maybe,Don't know,2014
69,34,United States,1-5,No,No,Don't know,2014
70,28,France,26-100,No,No,Don't know,2014
71,34,Canada,6-25,No,No,Don't know,2014
72,23,United States,More than 1000,No,No,No,2014
73,38,United Kingdom,26-100,Maybe,Yes,Yes,2014
74,33,United States,More than 1000,No,Maybe,Yes,2014
75,19,United Kingdom,1-5,No,Maybe,No,2014
76,25,United States,More than 1000,Maybe,Yes,Yes,2014
77,31,United States,1-5,Maybe,Maybe,Yes,2014
78,32,United States,26-100,No,Yes,No,2014
79,28,Germany,6-25,Maybe,Yes,Yes,2014
80,38,United States,100-500,Maybe,Maybe,Yes,2014
81,23,United Kingdom,26-100,Maybe,Maybe,Yes,2014
82,30,Canada,26-100,No,No,No,2014
83,27,United States,1-5,No,Maybe,Yes,2014
84,33,United States,More than 1000,No,Maybe,No,2014
85,31,United States,26-100,Maybe,Maybe,No,2014
86,39,United Kingdom,6-25,No,Maybe,No,2014
87,34,United States,500-1000,No,No,Don't know,2014
88,29,United States,26-100,No,Maybe,No,2014
89,32,United States,500-1000,No,No,Don't know,2014
90,31,United States,500-1000,No,No,Yes,2014
91,40,United States,26-100,Yes,Yes,No,2014
92,34,United States,26-100,No,Maybe,Don't know,2014
93,18,Russia,26-100,Yes,Yes,Don't know,2014
94,25,Canada,26-100,No,Maybe,Don't know,2014
95,29,United States,26-100,Maybe,Maybe,No,2014
96,24,United States,26-100,No,Maybe,Don't know,2014
97,31,Mexico,6-25,Maybe,Yes,No,2014
98,33,United States,6-25,No,Maybe,No,2014
99,30,United States,1-5,Maybe,Maybe,Yes,2014
100,26,Canada,26-100,No,Maybe,No,2014
101,44,United States,100-500,No,No,Don't know,2014
102,25,United States,26-100,No,No,Don't know,2014
103,33,United States,26-100,Maybe,Maybe,Yes,2014
104,29,United States,More than 1000,No,No,Don't know,2014
105,35,United States,6-25,No,No,Don't know,2014
106,35,United States,26-100,No,Maybe,No,2014
107,28,Brazil,6-25,No,No,Don't know,2014
108,34,United States,6-25,No,No,Don't know,2014
109,32,United States,26-100,No,Maybe,Yes,2014
110,22,United States,500-1000,No,Yes,No,2014
111,28,United States,26-100,No,Maybe,Yes,2014
112,45,United States,6-25,Yes,Yes,Yes,2014
113,32,United States,100-500,No,No,Don't know,2014
114,28,United States,More than 1000,No,Maybe,Don't know,2014
115,26,United Kingdom,6-25,No,No,Don't know,2014
116,21,United Kingdom,1-5,No,Maybe,No,2014
117,27,Canada,6-25,No,No,Don't know,2014
118,18,United States,1-5,No,No,Don't know,2014
119,35,United States,26-100,Maybe,Maybe,Don't know,2014
120,29,United States,More than 1000,No,No,Don't know,2014
121,25,United States,26-100,No,No,Don't know,2014
122,33,United States,6-25,No,Maybe,Yes,2014
123,36,United States,6-25,No,No,Don't know,2014
124,27,Canada,100-500,No,Maybe,No,2014
125,27,United States,500-1000,No,Yes,Don't know,2014
126,27,United Kingdom,6-25,No,No,Don't know,2014
127,32,United States,100-500,No,No,Don't know,2014
128,31,United Kingdom,6-25,No,No,Yes,2014
129,19,Slovenia,6-25,No,No,Don't know,2014
130,33,United States,More than 1000,No,Yes,No,2014
131,32,United States,1-5,No,Yes,Don't know,2014
132,27,United States,26-100,Maybe,Maybe,Don't know,2014
133,38,Costa Rica,26-100,Maybe,Yes,No,2014
134,24,Canada,26-100,Maybe,Yes,Don't know,2014
135,39,United Kingdom,26-100,No,No,Don't know,2014
136,28,United Kingdom,6-25,Maybe,Maybe,Yes,2014
137,39,United States,More than 1000,No,No,Don't know,2014
138,29,United States,6-25,No,No,Don't know,2014
139,22,Austria,6-25,No,No,Don't know,2014
140,38,United States,100-500,No,No,Don't know,2014
141,37,United Kingdom,More than 1000,No,Maybe,Yes,2014
142,35,United States,26-100,No,Maybe,Don't know,2014
143,-29,United States,More than 1000,No,No,Don't know,2014
144,30,United States,More than 1000,No,Maybe,Don't know,2014
145,37,United States,100-500,Maybe,Maybe,Don't know,2014
146,24,United Kingdom,6-25,No,No,Don't know,2014
147,23,United States,6-25,No,No,No,2014
148,30,Ireland,100-500,No,No,No,2014
149,29,United States,100-500,No,Maybe,Don't know,2014
150,19,Canada,1-5,Maybe,Maybe,Don't know,2014
151,32,United States,26-100,No,Maybe,No,2014
152,28,Poland,6-25,Maybe,Yes,Yes,2014
153,36,United States,6-25,Maybe,Maybe,Don't know,2014
154,37,United Kingdom,More than 1000,No,Yes,No,2014
155,25,United States,26-100,No,Maybe,No,2014
156,27,United States,More than 1000,No,Maybe,Don't know,2014
157,26,United States,26-100,No,Maybe,No,2014
158,27,United States,26-100,No,No,Don't know,2014
159,25,United States,26-100,No,No,Don't know,2014
160,36,United Kingdom,More than 1000,No,Maybe,Don't know,2014
161,25,United States,500-1000,No,No,Don't know,2014
162,31,United States,More than 1000,No,No,Don't know,2014
163,26,United States,6-25,No,No,Don't know,2014
164,33,United States,1-5,No,Yes,Yes,2014
165,27,United Kingdom,1-5,No,Maybe,Yes,2014
166,34,United States,26-100,No,Maybe,Don't know,2014
167,42,United States,6-25,No,Maybe,No,2014
168,23,Ireland,1-5,No,Maybe,No,2014
169,24,United Kingdom,100-500,No,Maybe,Don't know,2014
170,26,United Kingdom,More than 1000,No,No,Don't know,2014
171,31,United Kingdom,6-25,No,Maybe,Don't know,2014
172,22,India,More than 1000,Maybe,Maybe,No,2014
173,23,United States,6-25,No,Maybe,Yes,2014
174,34,Canada,More than 1000,No,No,No,2014
175,31,United States,26-100,No,Maybe,Don't know,2014
176,28,United Kingdom,100-500,Maybe,Maybe,Yes,2014
177,32,United States,6-25,No,No,Yes,2014
178,45,United States,1-5,No,No,Yes,2014
179,33,United States,6-25,No,Maybe,Don't know,2014
180,29,Mexico,6-25,Maybe,Yes,No,2014
181,26,India,6-25,No,No,Don't know,2014
182,28,United Kingdom,26-100,Maybe,Maybe,Don't know,2014
183,45,United States,More than 1000,No,No,Don't know,2014
184,43,United States,More than 1000,No,No,No,2014
185,37,United States,500-1000,Maybe,Yes,No,2014
186,24,United Kingdom,6-25,Maybe,Yes,Yes,2014
187,26,France,6-25,No,Maybe,Yes,2014
188,23,United Kingdom,1-5,Maybe,Yes,Don't know,2014
189,35,United States,More than 1000,No,No,Don't know,2014
190,38,South Africa,1-5,No,Maybe,Don't know,2014
191,28,United States,26-100,No,Maybe,No,2014
192,28,Russia,26-100,No,Maybe,Don't know,2014
193,35,United States,6-25,No,No,Don't know,2014
194,32,Germany,100-500,No,No,No,2014
195,31,Italy,6-25,No,Maybe,Don't know,2014
196,35,United States,500-1000,No,No,Don't know,2014
197,26,United States,More than 1000,No,Maybe,No,2014
198,27,United States,6-25,No,Maybe,Yes,2014
199,28,United Kingdom,More than 1000,No,Maybe,Don't know,2014
200,27,United States,26-100,No,No,Yes,2014
201,34,United States,500-1000,No,No,Yes,2014
202,41,United States,6-25,Maybe,Maybe,Don't know,2014
203,37,Ireland,1-5,No,Yes,Don't know,2014
204,34,Austria,100-500,No,No,Yes,2014
205,32,United Kingdom,100-500,No,No,No,2014
206,21,Canada,6-25,Maybe,Maybe,Yes,2014
207,30,United States,26-100,No,Maybe,Don't know,2014
208,24,United States,26-100,No,No,Don't know,2014
209,26,Bulgaria,100-500,No,Maybe,Don't know,2014
210,40,United States,26-100,No,No,Yes,2014
211,37,United Kingdom,26-100,No,Maybe,Don't know,2014
212,26,United Kingdom,1-5,No,Maybe,Don't know,2014
213,32,United States,6-25,No,Maybe,No,2014
214,32,United States,100-500,No,Yes,Yes,2014
215,27,United States,1-5,No,No,Don't know,2014
216,30,Germany,6-25,Maybe,Yes,Yes,2014
217,31,Canada,6-25,No,No,Yes,2014
218,29,United States,500-1000,No,No,Don't know,2014
219,41,United States,26-100,No,No,Don't know,2014
220,34,United States,6-25,Maybe,Maybe,Yes,2014
221,33,United Kingdom,26-100,Yes,Yes,Don't know,2014
222,28,United States,6-25,No,Maybe,Don't know,2014
223,28,United States,More than 1000,No,No,No,2014
224,23,United States,26-100,No,Yes,Yes,2014
225,24,United States,1-5,Maybe,Yes,Yes,2014
226,32,United States,1-5,No,Maybe,Yes,2014
227,34,Australia,1-5,No,Maybe,Yes,2014
228,24,United States,6-25,Maybe,Maybe,Yes,2014
229,26,United Kingdom,1-5,No,Maybe,Yes,2014
230,36,United States,26-100,No,Maybe,Don't know,2014
231,41,United States,500-1000,Maybe,Maybe,No,2014
232,38,United Kingdom,More than 1000,No,Maybe,No,2014
233,38,United States,26-100,No,Maybe,No,2014
234,30,Netherlands,26-100,No,No,Yes,2014
235,25,United Kingdom,26-100,No,Maybe,No,2014
236,37,Canada,26-100,No,Yes,Don't know,2014
237,34,United Kingdom,6-25,No,Yes,No,2014
238,37,United States,More than 1000,No,Maybe,Yes,2014
239,28,Canada,6-25,No,No,No,2014
240,22,Sweden,6-25,Maybe,Maybe,No,2014
241,34,United States,1-5,No,Maybe,No,2014
242,33,United States,26-100,No,No,Don't know,2014
243,25,South Africa,6-25,No,Yes,No,2014
244,27,United States,More than 1000,Maybe,Maybe,Yes,2014
245,40,United States,More than 1000,No,Maybe,No,2014
246,21,United States,6-25,No,Maybe,Don't know,2014
247,29,United Kingdom,6-25,Maybe,Yes,Yes,2014
248,32,United States,1-5,No,Yes,Don't know,2014
249,29,United States,500-1000,Maybe,Yes,Don't know,2014
250,23,United States,26-100,No,Yes,Yes,2014
251,28,United States,100-500,No,Maybe,Yes,2014
252,31,United States,100-500,No,Maybe,Yes,2014
253,27,United Kingdom,100-500,No,No,Don't know,2014
254,24,United States,6-25,Maybe,Maybe,Don't know,2014
255,29,Canada,6-25,No,Maybe,Don't know,2014
256,23,United Kingdom,6-25,No,Maybe,Yes,2014
257,42,United States,6-25,No,No,Yes,2014
258,24,United Kingdom,1-5,No,Yes,No,2014
259,25,Australia,6-25,No,Yes,No,2014
260,27,United States,6-25,No,Maybe,Don't know,2014
261,27,Canada,6-25,No,Maybe,No,2014
262,30,United States,100-500,Maybe,No,Yes,2014
263,29,Poland,6-25,No,Yes,No,2014
264,43,Canada,6-25,Yes,Yes,Don't know,2014
265,32,United States,6-25,No,Maybe,Don't know,2014
266,41,United States,26-100,Yes,Yes,Yes,2014
267,32,United Kingdom,1-5,Maybe,Maybe,Don't know,2014
268,37,United States,26-100,No,Yes,Don't know,2014
269,32,United States,6-25,No,No,Don't know,2014
270,30,Ireland,1-5,No,Maybe,No,2014
271,23,United States,100-500,Maybe,Maybe,Yes,2014
272,30,United States,More than 1000,No,No,Yes,2014
273,34,United Kingdom,26-100,No,No,Don't know,2014
274,38,United States,26-100,No,Maybe,No,2014
275,33,Canada,100-500,No,No,Don't know,2014
276,34,United States,26-100,No,No,Don't know,2014
277,28,Colombia,6-25,No,No,Don't know,2014
278,28,United States,100-500,No,No,Yes,2014
279,23,United States,100-500,No,Maybe,No,2014
280,22,Australia,6-25,No,Yes,No,2014
281,27,Portugal,6-25,No,Maybe,Don't know,2014
282,18,United States,6-25,No,Maybe,Don't know,2014
283,35,United States,26-100,No,Maybe,Don't know,2014
284,25,Canada,100-500,No,Yes,No,2014
285,27,United Kingdom,6-25,Yes,Yes,Yes,2014
286,26,United States,More than 1000,No,No,Don't know,2014
287,18,United States,26-100,No,Maybe,Yes,2014
288,38,United States,1-5,No,No,Don't know,2014
289,26,United States,More than 1000,No,No,Don't know,2014
290,30,Switzerland,1-5,No,No,Yes,2014
291,35,United States,More than 1000,No,No,Don't know,2014
292,45,United States,More than 1000,No,Maybe,Don't know,2014
293,32,United States,More than 1000,No,No,Don't know,2014
294,56,United States,More than 1000,No,Maybe,Don't know,2014
295,24,United States,500-1000,No,Maybe,No,2014
296,30,United States,26-100,No,Yes,Yes,2014
297,60,United States,More than 1000,Maybe,Maybe,Yes,2014
298,33,United States,More than 1000,No,Maybe,Don't know,2014
299,37,United States,More than 1000,Maybe,Maybe,Don't know,2014
300,23,United States,More than 1000,No,No,Yes,2014
301,31,United States,More than 1000,No,No,Yes,2014
302,26,United States,100-500,No,Maybe,Don't know,2014
303,28,United States,100-500,No,No,Yes,2014
304,37,United States,More than 1000,No,No,Yes,2014
305,26,Canada,6-25,Maybe,Maybe,Yes,2014
306,30,United States,26-100,No,No,Don't know,2014
307,26,United States,26-100,No,No,Don't know,2014
308,25,United States,26-100,No,No,Don't know,2014
309,27,United States,100-500,No,Maybe,Don't know,2014
310,25,Canada,6-25,No,Maybe,Don't know,2014
311,35,United States,100-500,No,No,Don't know,2014
312,36,United States,1-5,No,No,Yes,2014
313,26,United States,More than 1000,No,No,No,2014
314,27,United States,More than 1000,Maybe,Maybe,Yes,2014
315,30,United States,6-25,No,No,Don't know,2014
316,29,United States,100-500,No,Maybe,Don't know,2014
317,25,United States,More than 1000,Maybe,Maybe,Yes,2014
318,22,United States,More than 1000,No,No,Yes,2014
319,29,Latvia,26-100,No,No,Don't know,2014
320,41,United States,100-500,Maybe,Maybe,Yes,2014
321,29,United States,More than 1000,No,Maybe,No,2014
322,32,United States,500-1000,Maybe,Maybe,Yes,2014
323,24,United States,More than 1000,No,Maybe,Don't know,2014
324,25,United States,6-25,No,No,Don't know,2014
325,25,United States,More than 1000,No,Maybe,Don't know,2014
326,30,United States,More than 1000,No,No,Don't know,2014
327,25,United States,More than 1000,No,No,Yes,2014
328,30,United States,1-5,No,Maybe,Don't know,2014
329,33,Germany,1-5,Maybe,No,Yes,2014
330,24,United States,26-100,No,Maybe,Yes,2014
331,25,Canada,More than 1000,No,No,No,2014
332,31,United States,100-500,No,Yes,No,2014
333,45,Ireland,1-5,No,No,Don't know,2014
334,29,Romania,6-25,Maybe,Maybe,No,2014
335,46,United States,26-100,Maybe,Maybe,Don't know,2014
336,30,United Kingdom,26-100,No,Maybe,Don't know,2014
337,29,United States,More than 1000,No,No,Don't know,2014
338,24,United States,More than 1000,No,Maybe,Don't know,2014
339,29,United States,26-100,No,Maybe,Yes,2014
340,35,United States,26-100,No,No,No,2014
341,33,United States,26-100,No,Maybe,No,2014
342,27,United States,More than 1000,No,Maybe,No,2014
343,36,United States,More than 1000,No,No,Don't know,2014
344,33,United Kingdom,1-5,No,Maybe,No,2014
345,25,United States,26-100,No,No,Don't know,2014
346,23,United States,100-500,Maybe,Yes,Don't know,2014
347,54,United States,More than 1000,No,No,Don't know,2014
348,22,United States,More than 1000,No,Maybe,Don't know,2014
349,25,United States,More than 1000,No,No,Yes,2014
350,29,Belgium,6-25,Maybe,Maybe,Don't know,2014
351,27,United States,More than 1000,No,Yes,Yes,2014
352,30,United Kingdom,6-25,No,Maybe,Yes,2014
353,26,United States,More than 1000,No,No,Don't know,2014
354,25,Sweden,6-25,No,No,No,2014
355,31,United States,500-1000,No,No,No,2014
356,33,United States,26-100,No,No,Don't know,2014
357,34,United States,More than 1000,No,No,Don't know,2014
358,34,United States,100-500,No,Maybe,Don't know,2014
359,29,United States,1-5,Maybe,Maybe,Yes,2014
360,33,United States,6-25,No,No,Don't know,2014
361,34,Germany,26-100,No,Maybe,Yes,2014
362,26,United States,100-500,No,Yes,No,2014
363,32,United States,More than 1000,No,Yes,Yes,2014
364,329,United States,6-25,No,No,No,2014
365,28,United States,More than 1000,No,No,No,2014
366,35,United States,More than 1000,No,No,Don't know,2014
367,36,United States,100-500,No,No,Don't know,2014
368,21,United States,100-500,Maybe,Maybe,Don't know,2014
369,21,United Kingdom,6-25,No,Maybe,No,2014
370,22,United States,More than 1000,No,No,Yes,2014
371,41,United States,More than 1000,No,Maybe,No,2014
372,55,United States,More than 1000,No,No,Yes,2014
373,32,United States,26-100,No,Maybe,Yes,2014
374,21,United States,26-100,No,Yes,Don't know,2014
375,45,United States,26-100,No,Maybe,Don't know,2014
376,27,United States,More than 1000,No,No,No,2014
377,25,United States,26-100,No,No,Yes,2014
378,34,United States,More than 1000,No,No,Yes,2014
379,26,United States,More than 1000,No,No,Don't know,2014
380,41,Canada,500-1000,No,No,Don't know,2014
381,27,United States,More than 1000,No,Maybe,Yes,2014
382,31,United States,26-100,No,No,Don't know,2014
383,25,Germany,26-100,No,Yes,No,2014
384,26,United States,6-25,No,No,No,2014
385,27,United States,More than 1000,No,No,Don't know,2014
386,42,New Zealand,500-1000,Maybe,Maybe,Don't know,2014
387,29,United States,1-5,No,Maybe,No,2014
388,25,United States,6-25,No,Maybe,Don't know,2014
389,33,Sweden,More than 1000,No,Yes,Don't know,2014
390,99999999999,Zimbabwe,1-5,Yes,No,No,2014
391,40,United States,More than 1000,No,No,Don't know,2014
392,31,United States,More than 1000,No,No,Don't know,2014
393,26,Canada,26-100,No,No,Yes,2014
394,24,United States,500-1000,No,Maybe,No,2014
395,29,United States,More than 1000,No,No,Don't know,2014
396,48,United Kingdom,26-100,No,No,No,2014
397,35,United Kingdom,6-25,No,Maybe,No,2014
398,32,United States,100-500,No,Maybe,Don't know,2014
399,29,Canada,100-500,No,Maybe,Yes,2014
400,26,United States,6-25,No,No,No,2014
401,28,United States,26-100,No,Maybe,No,2014
402,23,United States,More than 1000,No,Maybe,No,2014
403,35,United States,100-500,No,Maybe,No,2014
404,29,Germany,26-100,Maybe,Maybe,Don't know,2014
405,26,United States,6-25,Maybe,Maybe,No,2014
406,33,United States,26-100,No,No,Yes,2014
407,33,United States,More than 1000,No,Maybe,Yes,2014
408,22,Brazil,6-25,Maybe,No,Don't know,2014
409,30,Spain,500-1000,No,No,Don't know,2014
410,33,United States,More than 1000,No,No,No,2014
411,31,United States,More than 1000,No,Maybe,No,2014
412,21,United States,More than 1000,No,Maybe,Don't know,2014
413,31,United Kingdom,More than 1000,No,Yes,Yes,2014
414,26,United States,100-500,No,No,Yes,2014
415,30,United States,6-25,No,No,Don't know,2014
416,30,Germany,100-500,Maybe,Maybe,No,2014
417,23,India,6-25,Maybe,Maybe,No,2014
418,34,Finland,6-25,No,Maybe,Don't know,2014
419,55,United States,1-5,No,No,No,2014
420,28,Germany,1-5,No,No,Yes,2014
421,26,Uruguay,26-100,No,Yes,Don't know,2014
422,28,New Zealand,6-25,Yes,Yes,Yes,2014
423,32,United Kingdom,6-25,No,No,Don't know,2014
424,28,United States,More than 1000,No,No,Don't know,2014
425,21,United States,6-25,Maybe,Maybe,Yes,2014
426,24,United States,100-500,No,Maybe,No,2014
427,26,United States,More than 1000,No,No,Don't know,2014
428,23,United States,More than 1000,No,Yes,Don't know,2014
429,24,United States,More than 1000,Yes,Yes,Yes,2014
430,28,Canada,100-500,No,No,Yes,2014
431,24,United States,6-25,No,Yes,Yes,2014
432,33,United States,1-5,Yes,Yes,Don't know,2014
433,34,United States,26-100,No,Maybe,Don't know,2014
434,27,United States,26-100,No,No,Don't know,2014
435,28,United States,6-25,No,No,Don't know,2014
436,26,United States,More than 1000,No,No,Don't know,2014
437,20,Australia,100-500,No,No,Don't know,2014
438,23,United States,26-100,No,Maybe,Don't know,2014
439,29,United States,1-5,Maybe,Maybe,Yes,2014
440,26,United Kingdom,6-25,No,Maybe,No,2014
441,36,United States,More than 1000,No,No,Don't know,2014
442,41,United States,More than 1000,Maybe,Yes,Yes,2014
443,33,United States,100-500,No,No,Yes,2014
444,23,Canada,6-25,No,No,Yes,2014
445,39,United States,More than 1000,No,Maybe,No,2014
446,34,United States,More than 1000,No,Maybe,Don't know,2014
447,26,United States,100-500,No,No,No,2014
448,24,United States,26-100,No,No,Don't know,2014
449,37,Canada,More than 1000,No,No,Don't know,2014
450,43,United States,6-25,Maybe,Maybe,Yes,2014
451,40,United States,More than 1000,No,Maybe,Yes,2014
452,30,United States,More than 1000,No,No,No,2014
453,34,United States,6-25,No,No,Don't know,2014
454,27,United States,100-500,No,Yes,Don't know,2014
455,36,United States,More than 1000,Maybe,Yes,Don't know,2014
456,27,Brazil,6-25,No,Maybe,No,2014
457,35,Netherlands,100-500,No,Maybe,Don't know,2014
458,32,United Kingdom,6-25,No,Yes,Yes,2014
459,37,United States,500-1000,No,No,Don't know,2014
460,29,United Kingdom,26-100,Maybe,Maybe,Yes,2014
461,33,United States,500-1000,No,No,Yes,2014
462,28,United States,6-25,No,No,Don't know,2014
463,26,United States,26-100,No,Maybe,No,2014
464,27,United States,6-25,No,Maybe,Yes,2014
465,38,United Kingdom,26-100,No,Maybe,Yes,2014
466,57,United States,More than 1000,No,Maybe,No,2014
467,28,United Kingdom,More than 1000,No,Maybe,No,2014
468,26,France,6-25,Maybe,Maybe,No,2014
469,42,Netherlands,100-500,No,Maybe,Don't know,2014
470,31,United States,100-500,No,No,Yes,2014
471,58,United States,More than 1000,No,Yes,Yes,2014
472,29,United States,6-25,No,Maybe,No,2014
473,39,United Kingdom,More than 1000,No,Maybe,No,2014
474,34,United States,6-25,No,Maybe,Don't know,2014
475,57,United States,More than 1000,No,Maybe,Don't know,2014
476,27,Germany,6-25,No,No,No,2014
477,23,Germany,26-100,Maybe,Yes,Don't know,2014
478,18,Finland,500-1000,No,Maybe,Don't know,2014
479,30,United States,100-500,No,Maybe,Don't know,2014
480,23,United States,26-100,Maybe,Yes,Yes,2014
481,43,United States,More than 1000,No,Yes,Don't know,2014
482,18,United Kingdom,1-5,Maybe,Maybe,Don't know,2014
483,29,United States,6-25,No,Maybe,Don't know,2014
484,48,United States,6-25,No,Maybe,Don't know,2014
485,43,Germany,26-100,No,Yes,No,2014
486,28,United States,26-100,No,Maybe,Don't know,2014
487,30,United States,1-5,No,No,Yes,2014
488,26,Israel,6-25,No,Maybe,Yes,2014
489,33,Italy,6-25,No,No,No,2014
490,31,United States,More than 1000,No,No,Yes,2014
491,30,United States,100-500,No,No,Don't know,2014
492,27,Israel,26-100,No,Maybe,No,2014
493,24,United States,1-5,No,No,Don't know,2014
494,25,United States,26-100,No,No,Don't know,2014
495,23,United States,More than 1000,No,No,Yes,2014
496,36,United States,More than 1000,No,No,No,2014
497,25,United States,1-5,No,Maybe,No,2014
498,54,United Kingdom,More than 1000,Maybe,Maybe,No,2014
499,34,Netherlands,6-25,No,Maybe,Yes,2014
500,38,United States,26-100,No,No,No,2014
501,40,Ireland,More than 1000,No,Maybe,No,2014
502,32,United Kingdom,26-100,No,Maybe,Don't know,2014
503,25,Germany,More than 1000,No,Yes,Don't know,2014
504,35,United States,100-500,No,Maybe,No,2014
505,46,United States,More than 1000,No,No,Yes,2014
506,42,United States,100-500,Maybe,Yes,No,2014
507,32,United Kingdom,6-25,Maybe,Maybe,Yes,2014
508,47,United States,More than 1000,No,Yes,Yes,2014
509,22,United States,More than 1000,No,Maybe,Yes,2014
510,33,United States,500-1000,No,No,Don't know,2014
511,25,United States,6-25,No,No,Yes,2014
512,29,United States,More than 1000,No,Maybe,Don't know,2014
513,39,United States,26-100,No,No,Yes,2014
514,38,United States,More than 1000,No,No,No,2014
515,43,United States,6-25,No,No,Don't know,2014
516,46,United States,500-1000,No,Maybe,Yes,2014
517,38,United States,More than 1000,No,No,No,2014
518,33,Germany,6-25,No,Maybe,No,2014
519,34,United Kingdom,26-100,No,No,No,2014
520,62,United States,More than 1000,Maybe,Maybe,Yes,2014
521,23,United States,More than 1000,No,No,Don't know,2014
522,35,United States,More than 1000,No,No,No,2014
523,25,Bosnia and Herzegovina,26-100,No,No,Don't know,2014
524,36,United States,1-5,No,Yes,Yes,2014
525,41,United States,500-1000,No,No,Yes,2014
526,24,Austria,1-5,Maybe,Maybe,Yes,2014
527,51,New Zealand,26-100,No,No,Don't know,2014
528,29,United States,6-25,No,No,Yes,2014
529,31,Canada,100-500,No,No,Yes,2014
530,27,United Kingdom,6-25,No,Yes,Don't know,2014
531,31,Australia,100-500,Yes,Yes,No,2014
532,27,Hungary,1-5,No,Maybe,No,2014
533,23,Sweden,6-25,Maybe,Maybe,Yes,2014
534,21,Canada,26-100,No,Maybe,Don't know,2014
535,27,Australia,6-25,No,No,No,2014
536,39,United States,26-100,No,No,No,2014
537,26,United States,More than 1000,No,No,No,2014
538,27,United Kingdom,6-25,No,No,Don't know,2014
539,22,United States,500-1000,No,No,No,2014
540,26,United States,100-500,No,Maybe,No,2014
541,31,United States,100-500,No,No,Yes,2014
542,32,United Kingdom,6-25,Yes,Yes,Yes,2014
543,28,United States,100-500,No,No,No,2014
544,28,United Kingdom,100-500,Yes,No,No,2014
545,23,United Kingdom,6-25,No,Yes,Yes,2014
546,30,United Kingdom,26-100,Maybe,Maybe,Yes,2014
547,36,United States,More than 1000,No,Yes,No,2014
548,21,United States,More than 1000,No,Maybe,Yes,2014
549,30,Germany,26-100,Maybe,Yes,Don't know,2014
550,25,United States,500-1000,No,Maybe,Don't know,2014
551,32,New Zealand,6-25,Maybe,Yes,Don't know,2014
552,29,Canada,1-5,No,No,Yes,2014
553,21,United Kingdom,26-100,No,No,Yes,2014
554,27,New Zealand,100-500,No,Yes,Don't know,2014
555,32,Canada,More than 1000,No,No,Don't know,2014
556,34,Australia,More than 1000,No,Maybe,Yes,2014
557,33,United States,26-100,No,Maybe,Don't know,2014
558,22,Netherlands,6-25,Maybe,Yes,Yes,2014
559,24,United States,More than 1000,No,No,Yes,2014
560,65,United States,6-25,No,No,Yes,2014
561,27,United States,100-500,No,No,Yes,2014
562,33,Australia,More than 1000,Maybe,Yes,Yes,2014
563,36,United States,26-100,No,No,Don't know,2014
564,40,Canada,26-100,No,No,No,2014
565,28,United States,More than 1000,No,Maybe,No,2014
566,39,United States,500-1000,No,Maybe,Don't know,2014
567,32,United States,More than 1000,Maybe,Yes,Don't know,2014
568,31,United States,More than 1000,No,Yes,No,2014
569,38,United States,100-500,No,No,Don't know,2014
570,23,United States,1-5,No,No,Yes,2014
571,42,United States,More than 1000,Maybe,Maybe,Don't know,2014
572,27,United States,500-1000,No,No,Yes,2014
573,26,United States,26-100,No,No,No,2014
574,50,United States,26-100,No,Maybe,No,2014
575,37,United States,26-100,No,No,Yes,2014
576,23,United States,26-100,No,Maybe,Don't know,2014
577,33,United States,6-25,No,No,Yes,2014
578,29,Canada,26-100,No,Yes,No,2014
579,34,United States,26-100,No,Maybe,Don't know,2014
580,41,United States,More than 1000,No,No,Don't know,2014
581,50,United States,100-500,Maybe,Maybe,Don't know,2014
582,29,Canada,More than 1000,No,Maybe,Don't know,2014
583,35,United States,6-25,Maybe,Maybe,Yes,2014
584,27,Singapore,1-5,No,No,No,2014
585,40,United States,26-100,Maybe,Maybe,Don't know,2014
586,27,Australia,100-500,No,Maybe,No,2014
587,29,United States,26-100,No,Maybe,Don't know,2014
588,31,United States,6-25,No,Maybe,Don't know,2014
589,43,United States,6-25,No,Maybe,Don't know,2014
590,34,United States,26-100,No,Yes,Don't know,2014
591,29,United States,26-100,No,Maybe,Don't know,2014
592,19,Canada,1-5,No,Maybe,Don't know,2014
593,41,United States,More than 1000,No,No,No,2014
594,29,United States,100-500,No,Maybe,Yes,2014
595,23,United States,100-500,No,No,Yes,2014
596,24,United States,100-500,No,No,No,2014
597,31,United States,26-100,No,Maybe,Don't know,2014
598,43,United States,500-1000,No,No,Yes,2014
599,31,United States,100-500,No,No,No,2014
600,29,United States,100-500,No,No,Don't know,2014
601,35,United States,6-25,No,Maybe,Yes,2014
602,33,United States,100-500,No,No,No,2014
603,30,United States,1-5,No,No,Yes,2014
604,27,United States,More than 1000,No,Maybe,No,2014
605,32,United States,100-500,No,No,No,2014
606,50,United States,1-5,No,Maybe,Don't know,2014
607,24,United States,26-100,No,Maybe,No,2014
608,27,United States,26-100,No,Maybe,Yes,2014
609,27,Australia,1-5,No,Maybe,Don't know,2014
610,32,United States,6-25,Maybe,Maybe,Yes,2014
611,42,United States,6-25,Maybe,Maybe,Yes,2014
612,37,United States,More than 1000,No,No,No,2014
613,30,Singapore,26-100,No,Yes,No,2014
614,29,United States,More than 1000,No,No,Don't know,2014
615,30,United States,6-25,No,Maybe,Yes,2014
616,35,United States,26-100,Maybe,Maybe,Yes,2014
617,35,United States,100-500,No,Maybe,No,2014
618,38,Netherlands,26-100,Maybe,Maybe,Don't know,2014
619,22,United Kingdom,100-500,Maybe,Yes,Yes,2014
620,24,Germany,100-500,No,Maybe,Don't know,2014
621,22,Netherlands,1-5,Maybe,Yes,No,2014
622,31,United States,26-100,No,Yes,Don't know,2014
623,23,United States,More than 1000,No,No,Don't know,2014
624,31,United States,100-500,No,No,Don't know,2014
625,28,United States,500-1000,No,No,No,2014
626,37,Canada,100-500,No,Maybe,No,2014
627,34,United States,6-25,No,No,No,2014
628,32,Canada,26-100,No,Maybe,No,2014
629,28,United States,26-100,No,No,Don't know,2014
630,24,United Kingdom,100-500,No,Maybe,Don't know,2014
631,56,United States,6-25,No,No,Don't know,2014
632,31,Germany,6-25,Maybe,Maybe,Yes,2014
633,34,United States,100-500,No,No,Yes,2014
634,35,Germany,100-500,No,No,Yes,2014
635,28,Germany,26-100,Yes,Yes,Don't know,2014
636,36,Poland,6-25,Maybe,Maybe,Yes,2014
637,30,United Kingdom,26-100,No,Maybe,Yes,2014
638,35,United States,1-5,No,No,Yes,2014
639,49,Japan,1-5,No,No,No,2014
640,36,Germany,26-100,Maybe,Maybe,Yes,2014
641,35,Germany,26-100,No,No,Don't know,2014
642,29,Australia,More than 1000,No,No,No,2014
643,57,United States,26-100,No,Maybe,Don't know,2014
644,31,Belgium,100-500,No,No,Don't know,2014
645,37,Ireland,6-25,No,Maybe,Don't know,2014
646,25,Ireland,26-100,No,Maybe,No,2014
647,30,Australia,26-100,No,No,Don't know,2014
648,26,Australia,100-500,No,No,Don't know,2014
649,22,Netherlands,6-25,No,Yes,Don't know,2014
650,39,United States,More than 1000,No,Maybe,Don't know,2014
651,29,United Kingdom,100-500,No,No,No,2014
652,54,United Kingdom,1-5,Yes,Yes,Don't know,2014
653,34,Australia,500-1000,No,No,Don't know,2014
654,32,United States,500-1000,No,No,Yes,2014
655,25,Nigeria,6-25,No,Yes,Don't know,2014
656,29,Poland,1-5,No,No,Yes,2014
657,32,Germany,1-5,No,Maybe,Don't know,2014
658,30,United Kingdom,More than 1000,No,Yes,Yes,2014
659,31,Germany,6-25,Maybe,Maybe,Don't know,2014
660,20,Switzerland,More than 1000,No,Maybe,Yes,2014
661,27,United Kingdom,1-5,Maybe,Maybe,Don't know,2014
662,32,United States,More than 1000,No,No,Don't know,2014
663,26,Ireland,1-5,Maybe,Maybe,Yes,2014
664,30,Italy,More than 1000,No,No,Don't know,2014
665,30,Ireland,26-100,No,No,No,2014
666,22,India,1-5,Maybe,Maybe,Yes,2014
667,24,Ireland,More than 1000,No,No,Don't know,2014
668,26,Netherlands,26-100,No,No,Don't know,2014
669,43,France,100-500,Maybe,Maybe,Don't know,2014
670,26,Russia,26-100,No,Maybe,Don't know,2014
671,23,United States,6-25,No,Maybe,Don't know,2014
672,26,Canada,100-500,No,No,Yes,2014
673,26,Israel,100-500,No,No,Yes,2014
674,35,Canada,26-100,No,No,No,2014
675,28,United States,26-100,No,Maybe,Don't know,2014
676,22,India,26-100,Maybe,Maybe,Don't know,2014
677,29,United States,6-25,No,No,Don't know,2014
678,29,Germany,1-5,Yes,Yes,Yes,2014
679,45,United States,1-5,No,Maybe,Yes,2014
680,33,Bulgaria,26-100,No,Maybe,Don't know,2014
681,38,United States,More than 1000,No,No,Don't know,2014
682,19,United States,26-100,No,Maybe,No,2014
683,29,Canada,More than 1000,No,Maybe,Don't know,2014
684,21,United Kingdom,6-25,No,No,Don't know,2014
685,23,India,More than 1000,No,No,Don't know,2014
686,33,United States,More than 1000,No,No,Yes,2014
687,49,United States,100-500,No,No,Yes,2014
688,28,United States,26-100,No,No,Don't know,2014
689,27,United Kingdom,6-25,Maybe,Maybe,Yes,2014
690,23,Canada,6-25,No,No,Don't know,2014
691,29,Netherlands,1-5,No,Maybe,Yes,2014
692,30,Germany,26-100,Maybe,Maybe,Don't know,2014
693,28,Canada,More than 1000,No,No,Don't know,2014
694,32,United Kingdom,6-25,No,Yes,No,2014
695,32,United Kingdom,26-100,No,No,Yes,2014
696,37,France,100-500,No,Maybe,No,2014
697,39,United States,More than 1000,No,Maybe,No,2014
698,31,France,500-1000,No,No,Yes,2014
699,29,United States,6-25,No,No,Don't know,2014
700,30,United States,100-500,No,No,Don't know,2014
701,33,United States,1-5,No,No,Yes,2014
702,37,United States,100-500,No,No,Don't know,2014
703,23,United States,26-100,No,Maybe,Yes,2014
704,43,United States,26-100,No,No,No,2014
705,32,United Kingdom,100-500,No,Maybe,No,2014
706,26,United States,26-100,No,No,No,2014
707,32,United States,1-5,Yes,Yes,Don't know,2014
708,37,United States,26-100,No,No,Don't know,2014
709,29,United States,26-100,Maybe,Maybe,Yes,2014
710,34,United Kingdom,6-25,No,Maybe,Don't know,2014
711,27,France,6-25,No,No,Yes,2014
712,30,United States,100-500,No,Maybe,Don't know,2014
713,29,United States,6-25,No,No,No,2014
714,32,United States,1-5,No,No,No,2014
715,-1726,United Kingdom,26-100,No,Maybe,Don't know,2014
716,25,Germany,500-1000,Yes,Yes,Yes,2014
717,37,United States,6-25,Maybe,Maybe,Yes,2014
718,29,Netherlands,6-25,No,Maybe,Yes,2014
719,27,United States,26-100,No,No,Don't know,2014
720,33,United Kingdom,6-25,No,Maybe,Don't know,2014
721,30,Canada,More than 1000,No,Yes,No,2014
722,29,Canada,1-5,No,Maybe,Don't know,2014
723,25,United States,6-25,No,No,No,2014
724,33,United States,1-5,Maybe,Maybe,Don't know,2014
725,31,South Africa,100-500,No,Maybe,No,2014
726,21,Germany,6-25,No,Maybe,No,2014
727,30,Switzerland,26-100,No,No,No,2014
728,29,United States,More than 1000,No,No,No,2014
729,43,Croatia,1-5,No,Maybe,No,2014
730,37,United Kingdom,6-25,Maybe,Yes,No,2014
731,24,France,26-100,No,No,Don't know,2014
732,29,United States,6-25,No,No,Don't know,2014
733,31,United States,26-100,No,No,Don't know,2014
734,5,United States,100-500,No,No,Yes,2014
735,33,United Kingdom,100-500,No,Yes,No,2014
736,43,United States,More than 1000,No,Maybe,Don't know,2014
737,33,United Kingdom,26-100,No,Maybe,Don't know,2014
738,27,United Kingdom,6-25,No,Yes,Yes,2014
739,36,United States,More than 1000,No,Maybe,Don't know,2014
740,37,Australia,26-100,No,Maybe,Yes,2014
741,32,Belgium,6-25,No,No,No,2014
742,39,United Kingdom,100-500,No,Yes,Yes,2014
743,31,United States,26-100,Maybe,Yes,Don't know,2014
744,36,United States,100-500,Maybe,Maybe,Don't know,2014
745,30,United States,26-100,No,Yes,Don't know,2014
746,28,Canada,6-25,Maybe,Maybe,Yes,2014
747,32,Italy,6-25,Maybe,Maybe,No,2014
748,35,United States,6-25,No,No,Yes,2014
749,19,Canada,26-100,No,Yes,Don't know,2014
750,33,Norway,26-100,No,No,Don't know,2014
751,42,Germany,More than 1000,No,Maybe,Yes,2014
752,37,United States,100-500,No,No,Don't know,2014
753,40,Thailand,6-25,Maybe,Maybe,Yes,2014
754,36,United States,More than 1000,No,No,Yes,2014
755,29,United States,26-100,No,Maybe,Don't know,2014
756,38,United States,26-100,No,No,Don't know,2014
757,26,United States,More than 1000,No,Maybe,No,2014
758,34,Germany,26-100,Maybe,Maybe,Yes,2014
759,21,United States,More than 1000,No,Yes,No,2014
760,31,Canada,1-5,No,No,Yes,2014
761,37,United States,26-100,No,Maybe,Yes,2014
762,37,Ireland,1-5,Maybe,Maybe,Yes,2014
763,38,Ireland,1-5,No,No,No,2014
764,27,United States,100-500,No,Maybe,No,2014
765,39,Netherlands,6-25,Maybe,Maybe,Yes,2014
766,33,United States,1-5,No,No,No,2014
767,27,United Kingdom,26-100,Yes,Yes,Don't know,2014
768,36,United States,6-25,No,No,No,2014
769,28,United Kingdom,26-100,Maybe,Yes,Don't know,2014
770,39,United Kingdom,500-1000,No,No,Don't know,2014
771,33,United States,1-5,No,No,Yes,2014
772,32,United Kingdom,More than 1000,No,Yes,Don't know,2014
773,28,United Kingdom,More than 1000,Yes,Yes,No,2014
774,37,United Kingdom,6-25,No,Maybe,No,2014
775,39,Canada,100-500,No,Maybe,No,2014
776,43,United States,6-25,No,Maybe,No,2014
777,32,United Kingdom,More than 1000,Yes,Yes,Yes,2014
778,27,United States,More than 1000,No,No,Don't know,2014
779,31,United Kingdom,6-25,Maybe,Maybe,Don't know,2014
780,43,United Kingdom,26-100,Yes,Yes,Don't know,2014
781,33,United States,6-25,Yes,Yes,Don't know,2014
782,34,United Kingdom,More than 1000,No,Maybe,Yes,2014
783,33,United States,1-5,No,Maybe,Don't know,2014
784,25,United States,6-25,No,No,Don't know,2014
785,25,United States,More than 1000,No,No,No,2014
786,32,United Kingdom,1-5,No,Maybe,No,2014
787,25,United States,26-100,No,Maybe,Don't know,2014
788,37,Netherlands,100-500,No,No,Don't know,2014
789,39,Switzerland,More than 1000,No,Maybe,Yes,2014
790,29,United Kingdom,100-500,No,Maybe,Don't know,2014
791,33,United States,More than 1000,No,No,Don't know,2014
792,37,United States,6-25,No,Yes,No,2014
793,35,United States,100-500,No,Yes,No,2014
794,22,United States,More than 1000,No,Maybe,No,2014
795,38,United States,26-100,No,Maybe,No,2014
796,32,United States,100-500,No,No,Don't know,2014
797,28,Brazil,26-100,Maybe,Yes,No,2014
798,27,Switzerland,26-100,No,Yes,No,2014
799,35,United States,100-500,No,Maybe,Yes,2014
800,29,United States,100-500,No,Maybe,Don't know,2014
801,23,United States,6-25,Maybe,Maybe,Yes,2014
802,39,United States,26-100,No,No,Don't know,2014
803,30,United States,More than 1000,No,No,Yes,2014
804,32,United Kingdom,26-100,Maybe,Maybe,Don't know,2014
805,28,United States,26-100,No,No,No,2014
806,40,United States,100-500,No,No,Don't know,2014
807,36,United States,6-25,No,Maybe,Yes,2014
808,27,United States,26-100,Maybe,Maybe,Yes,2014
809,41,United States,More than 1000,No,Maybe,No,2014
810,29,United Kingdom,6-25,No,Maybe,Don't know,2014
811,29,United Kingdom,100-500,No,Maybe,No,2014
812,35,United States,1-5,No,Yes,No,2014
813,28,United States,6-25,No,No,Don't know,2014
814,36,United Kingdom,1-5,No,No,Don't know,2014
815,39,United States,26-100,No,Yes,Don't know,2014
816,39,United States,500-1000,No,No,Don't know,2014
817,44,United States,1-5,No,No,Yes,2014
818,26,Germany,6-25,Maybe,Maybe,Yes,2014
819,35,Denmark,1-5,Maybe,Yes,Yes,2014
820,40,United States,100-500,No,No,Don't know,2014
821,35,Denmark,1-5,Maybe,Yes,Yes,2014
822,38,United States,More than 1000,No,No,Don't know,2014
823,34,United States,More than 1000,No,Maybe,Yes,2014
824,43,United States,More than 1000,No,Maybe,Don't know,2014
825,48,United States,26-100,No,No,No,2014
826,20,United States,26-100,Maybe,Maybe,Yes,2014
827,40,United States,1-5,No,No,Don't know,2014
828,29,United Kingdom,6-25,No,Maybe,Don't know,2014
829,35,United States,1-5,No,No,Yes,2014
830,29,United States,More than 1000,No,No,Yes,2014
831,40,United States,100-500,No,Maybe,Don't know,2014
832,29,Sweden,6-25,No,No,Yes,2014
833,29,United States,100-500,No,Maybe,Don't know,2014
834,34,United States,1-5,No,Yes,Don't know,2014
835,44,United Kingdom,500-1000,No,Maybe,No,2014
836,24,United States,6-25,No,Yes,No,2014
837,47,United States,100-500,No,No,No,2014
838,43,United Kingdom,More than 1000,No,Maybe,Don't know,2014
839,36,United States,More than 1000,No,No,No,2014
840,43,United States,More than 1000,No,No,Don't know,2014
841,36,United Kingdom,6-25,No,Maybe,Don't know,2014
842,31,United States,100-500,Maybe,Maybe,Don't know,2014
843,35,United States,More than 1000,No,No,Don't know,2014
844,33,United States,26-100,No,No,Don't know,2014
845,37,Italy,26-100,No,No,No,2014
846,34,United States,100-500,No,No,Don't know,2014
847,36,Netherlands,1-5,No,No,Yes,2014
848,40,United States,1-5,No,No,Yes,2014
849,40,United States,More than 1000,No,Maybe,Don't know,2014
850,42,United States,1-5,No,Maybe,Don't know,2014
851,23,United States,26-100,No,No,Don't know,2014
852,21,United Kingdom,6-25,No,Maybe,Don't know,2014
853,26,Canada,6-25,No,Maybe,Don't know,2014
854,31,United States,6-25,No,No,Don't know,2014
855,25,United States,More than 1000,Maybe,Yes,Yes,2014
856,51,United States,More than 1000,No,No,Yes,2014
857,24,United States,6-25,No,Maybe,Don't know,2014
858,33,United States,100-500,No,No,No,2014
859,32,United Kingdom,6-25,No,No,No,2014
860,32,United Kingdom,6-25,No,No,No,2014
861,26,United Kingdom,1-5,Maybe,Maybe,Yes,2014
862,23,United States,100-500,Maybe,Maybe,Don't know,2014
863,33,United States,6-25,No,Maybe,No,2014
864,46,United States,More than 1000,No,Maybe,Yes,2014
865,34,United Kingdom,6-25,No,Yes,No,2014
866,35,United States,6-25,No,No,Don't know,2014
867,39,United States,1-5,Maybe,Maybe,No,2014
868,32,Germany,1-5,Maybe,Maybe,No,2014
869,43,Mexico,More than 1000,No,Maybe,Don't know,2014
870,56,United States,More than 1000,Yes,Yes,Yes,2014
871,32,United Kingdom,100-500,No,Yes,Don't know,2014
872,41,United Kingdom,26-100,No,Yes,No,2014
873,39,United States,More than 1000,No,No,Don't know,2014
874,37,United States,500-1000,No,No,No,2014
875,30,United States,6-25,No,Maybe,Don't know,2014
876,31,United States,26-100,No,Maybe,No,2014
877,29,United States,More than 1000,No,Maybe,Don't know,2014
878,23,United Kingdom,More than 1000,No,Maybe,Don't know,2014
879,31,United States,26-100,No,No,Don't know,2014
880,29,United States,26-100,No,No,Yes,2014
881,30,United States,26-100,Maybe,Maybe,Yes,2014
882,37,United States,500-1000,No,No,Yes,2014
883,36,United States,1-5,Yes,Yes,Yes,2014
884,35,United States,26-100,No,Maybe,No,2014
885,41,United States,500-1000,No,No,Don't know,2014
886,31,United Kingdom,6-25,No,No,Don't know,2014
887,38,United Kingdom,500-1000,No,Maybe,No,2014
888,26,India,100-500,No,No,Yes,2014
889,39,United States,More than 1000,Maybe,Maybe,Don't know,2014
890,42,United States,6-25,No,Maybe,Don't know,2014
891,32,United States,1-5,No,Maybe,Don't know,2014
892,29,United States,100-500,No,No,Don't know,2014
893,30,United States,100-500,Maybe,Maybe,No,2014
894,40,United States,500-1000,No,Yes,Don't know,2014
895,51,United States,100-500,No,No,Don't know,2014
896,33,United States,More than 1000,No,No,Yes,2014
897,34,Germany,1-5,No,No,Don't know,2014
898,50,United States,1-5,No,Maybe,Yes,2014
899,24,United States,26-100,No,Maybe,No,2014
900,25,United States,26-100,No,Maybe,No,2014
901,43,United Kingdom,26-100,No,No,No,2014
902,25,United States,1-5,No,No,Yes,2014
903,24,United Kingdom,1-5,No,Maybe,Yes,2014
904,51,United States,1-5,Maybe,Maybe,Don't know,2014
905,49,United States,More than 1000,No,Maybe,No,2014
906,30,United States,More than 1000,No,No,Don't know,2014
907,25,United States,More than 1000,No,No,No,2014
908,36,United States,500-1000,No,Maybe,Don't know,2014
909,48,United States,More than 1000,No,Maybe,Yes,2014
910,48,Australia,6-25,No,Maybe,No,2014
911,53,United States,6-25,No,No,Don't know,2014
912,24,United Kingdom,6-25,No,No,Don't know,2014
913,33,United States,26-100,No,No,Don't know,2014
914,25,Canada,6-25,No,No,Don't know,2014
915,30,United Kingdom,26-100,No,Maybe,No,2014
916,30,United States,1-5,Maybe,Maybe,Don't know,2014
917,34,United Kingdom,1-5,No,No,Yes,2014
918,31,United States,More than 1000,Maybe,Yes,Yes,2014
919,22,United States,More than 1000,No,No,Don't know,2014
920,28,United States,6-25,No,Yes,Don't know,2014
921,35,United States,26-100,No,No,No,2014
922,28,United States,26-100,No,No,Yes,2014
923,42,New Zealand,More than 1000,No,Yes,No,2014
924,33,United States,500-1000,Yes,Yes,Yes,2014
925,29,United States,More than 1000,No,No,Don't know,2014
926,43,United States,500-1000,No,Maybe,No,2014
927,29,United States,26-100,Maybe,Maybe,Yes,2014
928,25,United States,100-500,Maybe,Maybe,Don't know,2014
929,31,United States,100-500,No,No,Don't know,2014
930,35,United States,6-25,No,Maybe,Yes,2014
931,34,United States,1-5,No,Maybe,Yes,2014
932,43,United States,100-500,No,Maybe,No,2014
933,38,United States,100-500,No,Maybe,No,2014
934,26,United States,More than 1000,Yes,Yes,No,2014
935,38,United Kingdom,1-5,No,No,No,2014
936,42,United States,6-25,No,Maybe,Don't know,2014
937,33,Netherlands,6-25,Maybe,Maybe,Yes,2014
938,32,United States,More than 1000,No,No,Don't know,2014
939,44,United States,6-25,No,Maybe,No,2014
940,28,United States,More than 1000,No,No,No,2014
941,40,United States,More than 1000,No,Maybe,Don't know,2014
942,31,United States,500-1000,No,No,Yes,2014
943,32,United States,100-500,No,No,Don't know,2014
944,28,United States,More than 1000,No,Maybe,No,2014
945,39,United States,26-100,No,No,No,2014
946,45,United States,More than 1000,No,No,Yes,2014
947,43,United States,More than 1000,Maybe,Yes,Yes,2014
948,35,United States,More than 1000,No,No,Don't know,2014
949,40,United States,6-25,No,No,Don't know,2014
950,34,Netherlands,26-100,Maybe,Maybe,Yes,2014
951,24,United Kingdom,26-100,No,Maybe,No,2014
952,61,South Africa,1-5,No,Maybe,No,2014
953,36,United States,6-25,No,No,Don't know,2014
954,38,United States,6-25,Maybe,Maybe,Don't know,2014
955,33,Germany,26-100,Yes,Yes,Yes,2014
956,30,United States,More than 1000,No,No,No,2014
957,34,Netherlands,1-5,No,Maybe,Yes,2014
958,26,United States,More than 1000,No,Maybe,No,2014
959,33,United Kingdom,More than 1000,Maybe,Maybe,Don't know,2014
960,32,United Kingdom,6-25,No,Maybe,No,2014
961,25,Germany,6-25,Yes,Yes,Yes,2014
962,35,Germany,26-100,No,Maybe,Don't know,2014
963,24,United Kingdom,1-5,No,Maybe,Don't know,2014
964,55,United Kingdom,More than 1000,No,Maybe,No,2014
965,33,United Kingdom,1-5,No,Maybe,No,2014
966,26,United Kingdom,1-5,No,Maybe,Yes,2014
967,25,United Kingdom,6-25,No,No,Don't know,2014
968,45,United Kingdom,100-500,No,Maybe,Don't know,2014
969,33,United Kingdom,1-5,No,No,Don't know,2014
970,43,United States,More than 1000,No,Maybe,No,2014
971,30,United Kingdom,6-25,No,No,Yes,2014
972,40,United States,6-25,No,Maybe,Don't know,2014
973,49,United States,More than 1000,No,No,Yes,2014
974,29,Germany,6-25,Maybe,Yes,Don't know,2014
975,26,Germany,500-1000,Maybe,Maybe,Don't know,2014
976,38,United States,More than 1000,No,Maybe,No,2014
977,27,France,500-1000,No,Maybe,Don't know,2014
978,26,Belgium,6-25,No,No,Don't know,2014
979,28,United Kingdom,26-100,No,No,No,2014
980,40,United States,1-5,No,Maybe,No,2014
981,37,Canada,1-5,Maybe,Maybe,Don't know,2014
982,34,United Kingdom,26-100,No,No,Don't know,2014
983,28,United States,100-500,No,Yes,Don't know,2014
984,27,Canada,26-100,Maybe,Maybe,Yes,2014
985,29,United Kingdom,6-25,No,Yes,Yes,2014
986,39,United Kingdom,500-1000,No,No,No,2014
987,28,United Kingdom,6-25,No,Yes,Yes,2014
988,23,United States,26-100,No,Maybe,Don't know,2014
989,8,"Bahamas, The",1-5,Yes,Yes,Yes,2014
990,38,United Kingdom,1-5,No,No,Don't know,2014
991,19,United Kingdom,6-25,No,No,Yes,2014
992,30,United States,26-100,No,No,Yes,2014
993,28,United Kingdom,1-5,No,No,Yes,2014
994,20,India,26-100,No,Maybe,Yes,2014
995,35,United Kingdom,1-5,No,No,Don't know,2014
996,39,United States,100-500,No,No,Don't know,2014
997,31,United States,More than 1000,No,No,Don't know,2014
998,32,United Kingdom,500-1000,No,No,Don't know,2014
999,27,Sweden,6-25,No,No,Don't know,2014
1000,25,United States,6-25,Maybe,Maybe,Don't know,2014
1001,42,United States,6-25,No,Maybe,Don't know,2014
1002,34,United States,100-500,Maybe,Maybe,Don't know,2014
1003,26,United States,26-100,Maybe,Maybe,Don't know,2014
1004,35,United Kingdom,1-5,No,Maybe,Yes,2014
1005,34,United Kingdom,500-1000,No,No,Yes,2014
1006,38,United States,100-500,Yes,Yes,Don't know,2014
1007,34,United States,100-500,No,Maybe,Don't know,2014
1008,39,United States,6-25,Maybe,Yes,Yes,2014
1009,44,United States,100-500,No,No,Don't know,2014
1010,40,United States,More than 1000,No,No,Don't know,2014
1011,33,United States,1-5,No,No,Yes,2014
1012,24,United States,More than 1000,No,No,No,2014
1013,38,United States,26-100,No,No,Don't know,2014
1014,31,United States,More than 1000,No,Maybe,Yes,2014
1015,23,Israel,100-500,Maybe,Yes,Don't know,2014
1016,26,United States,6-25,No,Maybe,Yes,2014
1017,46,United States,More than 1000,No,No,No,2014
1018,30,United States,26-100,No,Maybe,Don't know,2014
1019,25,United States,26-100,No,Yes,Don't know,2014
1020,19,Canada,26-100,No,Maybe,No,2014
1021,30,United States,500-1000,No,No,No,2014
1022,32,United States,6-25,No,Maybe,Yes,2014
1023,32,United Kingdom,6-25,No,Maybe,Don't know,2014
1024,37,United States,26-100,No,Maybe,No,2014
1025,42,United States,6-25,No,No,Don't know,2014
1026,25,United States,More than 1000,Maybe,No,Yes,2014
1027,19,United States,1-5,Maybe,Maybe,Don't know,2014
1028,40,United States,100-500,No,No,Don't know,2014
1029,34,United States,More than 1000,No,No,Don't know,2014
1030,26,United States,6-25,No,No,Yes,2014
1031,31,United States,6-25,Maybe,Maybe,Yes,2014
1032,40,United States,More than 1000,No,Maybe,No,2014
1033,31,United States,26-100,No,Yes,No,2014
1034,36,United States,100-500,No,Maybe,Don't know,2014
1035,35,Canada,6-25,No,No,Don't know,2014
1036,26,Australia,26-100,No,Maybe,Yes,2014
1037,44,United States,More than 1000,No,No,No,2014
1038,34,United States,1-5,No,Maybe,Yes,2014
1039,35,United States,6-25,No,No,Don't know,2014
1040,28,United States,26-100,No,Maybe,No,2014
1041,33,United States,6-25,No,No,Yes,2014
1042,40,United States,More than 1000,No,Maybe,Don't know,2014
1043,26,United States,6-25,No,Maybe,Don't know,2014
1044,29,United Kingdom,More than 1000,No,Yes,No,2014
1045,26,Canada,100-500,No,Maybe,Don't know,2014
1046,33,Italy,6-25,No,No,Don't know,2014
1047,28,Brazil,100-500,No,No,Don't know,2014
1048,41,United States,1-5,No,No,Yes,2014
1049,39,United Kingdom,1-5,No,Maybe,Yes,2014
1050,26,United States,More than 1000,No,Maybe,No,2014
1051,23,United States,26-100,No,Maybe,No,2014
1052,35,Switzerland,More than 1000,No,Maybe,No,2014
1053,36,United States,1-5,No,No,Don't know,2014
1054,42,United States,More than 1000,No,Maybe,No,2014
1055,39,United States,500-1000,No,No,Yes,2014
1056,27,United States,6-25,Maybe,Maybe,Don't know,2014
1057,33,United States,6-25,No,Maybe,Yes,2014
1058,31,Canada,More than 1000,No,Maybe,Don't know,2014
1059,28,United States,6-25,No,Yes,Don't know,2014
1060,29,United States,More than 1000,Maybe,Maybe,Don't know,2014
1061,27,United States,100-500,No,Maybe,No,2014
1062,44,United States,1-5,No,No,Don't know,2014
1063,25,United States,6-25,No,Maybe,Don't know,2014
1064,24,Germany,6-25,No,No,Don't know,2014
1065,25,South Africa,6-25,No,Maybe,No,2014
1066,34,United States,6-25,No,Maybe,Don't know,2014
1067,26,United States,More than 1000,No,No,Don't know,2014
1068,48,United States,26-100,No,Maybe,Don't know,2014
1069,34,Greece,26-100,No,Maybe,No,2014
1070,39,United States,6-25,No,Maybe,No,2014
1071,43,United States,More than 1000,No,No,Don't know,2014
1072,41,United States,More than 1000,No,No,Yes,2014
1073,25,United States,More than 1000,No,No,Don't know,2014
1074,31,United States,100-500,No,Maybe,No,2014
1075,40,United States,More than 1000,No,Maybe,No,2014
1076,43,United States,1-5,No,Maybe,Don't know,2014
1077,27,United States,More than 1000,No,Maybe,No,2014
1078,37,United States,26-100,No,Maybe,Don't know,2014
1079,32,Netherlands,1-5,No,Maybe,No,2014
1080,25,United States,1-5,No,Maybe,No,2014
1081,29,Netherlands,1-5,Maybe,No,Yes,2014
1082,30,United States,More than 1000,No,Maybe,No,2014
1083,34,Canada,26-100,No,No,Yes,2014
1084,32,United Kingdom,1-5,No,Maybe,No,2014
1085,37,Germany,6-25,Maybe,Maybe,Yes,2014
1086,41,Germany,More than 1000,No,No,Yes,2014
1087,38,United States,More than 1000,No,No,No,2014
1088,32,United States,26-100,No,Maybe,Don't know,2014
1089,28,United States,100-500,No,No,Yes,2014
1090,11,United States,1-5,No,Maybe,Yes,2014
1091,43,United States,100-500,No,Maybe,No,2014
1092,32,United States,100-500,No,Yes,No,2014
1093,25,United States,More than 1000,No,No,Yes,2014
1094,37,United States,100-500,No,No,Yes,2014
1095,36,United States,1-5,No,No,No,2014
1096,24,United States,6-25,Maybe,Yes,Yes,2014
1097,40,United States,More than 1000,No,Maybe,Don't know,2014
1098,29,United States,More than 1000,No,Maybe,Yes,2014
1099,43,United States,500-1000,No,No,Yes,2014
1100,29,United States,6-25,Maybe,Yes,Don't know,2014
1101,26,United States,100-500,No,Maybe,Don't know,2014
1102,33,Canada,1-5,No,Maybe,No,2014
1103,35,United States,6-25,No,No,Yes,2014
1104,45,United States,6-25,No,Maybe,Don't know,2014
1105,25,United States,6-25,No,Maybe,Don't know,2014
1106,50,France,26-100,No,No,Don't know,2014
1107,26,Australia,26-100,Maybe,Yes,Yes,2014
1108,33,United States,More than 1000,No,Maybe,Don't know,2014
1109,30,India,6-25,Maybe,Maybe,Don't know,2014
1110,33,Croatia,6-25,Maybe,Maybe,Yes,2014
1111,29,France,6-25,No,Yes,No,2014
1112,37,Germany,6-25,Maybe,Yes,Don't know,2014
1113,25,United States,1-5,Maybe,Yes,Don't know,2014
1114,40,United States,More than 1000,No,Maybe,Don't know,2014
1115,24,Canada,26-100,No,Maybe,Don't know,2014
1116,40,United Kingdom,100-500,No,Maybe,Don't know,2014
1117,46,United States,6-25,No,Maybe,Don't know,2014
1118,38,United States,More than 1000,No,Yes,Don't know,2014
1119,34,United States,1-5,No,No,Don't know,2014
1120,32,United Kingdom,1-5,No,Yes,No,2014
1121,44,United Kingdom,More than 1000,No,No,No,2014
1122,33,United Kingdom,100-500,No,Maybe,No,2014
1123,45,United States,26-100,No,Maybe,Don't know,2014
1124,35,United States,6-25,No,No,Yes,2014
1125,26,Germany,1-5,Maybe,Yes,No,2014
1126,20,United States,26-100,Maybe,Maybe,Don't know,2014
1127,-1,United States,1-5,Yes,Yes,Yes,2014
1128,37,Netherlands,6-25,No,Maybe,Yes,2014
1129,28,United States,More than 1000,No,Yes,No,2014
1130,42,United States,26-100,No,Yes,No,2014
1131,32,United Kingdom,26-100,No,No,Don't know,2014
1132,36,United States,More than 1000,No,No,Don't know,2014
1133,27,New Zealand,26-100,No,Maybe,No,2014
1134,27,New Zealand,26-100,No,Maybe,No,2014
1135,27,United Kingdom,More than 1000,Maybe,Maybe,No,2014
1136,25,United Kingdom,26-100,No,Maybe,Yes,2014
1137,41,United Kingdom,6-25,Maybe,Maybe,Don't know,2014
1138,23,Germany,6-25,No,No,Don't know,2014
1139,21,United Kingdom,More than 1000,No,No,Don't know,2014
1140,26,Moldova,26-100,Yes,Yes,Don't know,2014
1141,29,Sweden,More than 1000,No,Yes,Don't know,2014
1142,28,Belgium,More than 1000,No,No,Don't know,2014
1143,27,United Kingdom,More than 1000,No,Yes,Yes,2014
1144,23,Israel,More than 1000,No,Yes,Yes,2014
1145,26,United States,26-100,No,No,Don't know,2014
1146,38,United Kingdom,1-5,Maybe,Yes,Don't know,2014
1147,39,United Kingdom,More than 1000,Maybe,Maybe,Yes,2014
1148,35,United States,More than 1000,No,Yes,Don't know,2014
1149,32,United States,6-25,No,Maybe,Don't know,2014
1150,32,United States,More than 1000,No,No,Don't know,2014
1151,26,United Kingdom,6-25,No,Maybe,Don't know,2014
1152,38,Canada,100-500,No,Maybe,No,2014
1153,34,United Kingdom,26-100,Maybe,Maybe,Yes,2014
1154,39,United States,26-100,No,Maybe,Don't know,2014
1155,32,Canada,6-25,Maybe,Maybe,Yes,2014
1156,37,Netherlands,1-5,No,No,Don't know,2014
1157,31,United Kingdom,6-25,No,No,Don't know,2014
1158,30,United States,6-25,No,No,Don't know,2014
1159,51,Singapore,More than 1000,No,No,No,2014
1160,29,United States,26-100,No,Maybe,Don't know,2014
1161,31,United Kingdom,100-500,No,No,Yes,2014
1162,31,India,26-100,No,No,Don't know,2014
1163,26,United States,6-25,Maybe,Maybe,Don't know,2014
1164,46,United States,100-500,No,Maybe,No,2014
1165,32,United States,More than 1000,No,No,Don't know,2014
1166,29,United States,26-100,No,Maybe,Don't know,2014
1167,34,Poland,More than 1000,No,Yes,Don't know,2014
1168,26,Colombia,6-25,No,Maybe,Yes,2014
1169,32,United States,More than 1000,No,No,No,2014
1170,29,United States,More than 1000,Maybe,Yes,No,2014
1171,30,United States,More than 1000,No,No,Don't know,2014
1172,40,United States,26-100,No,Maybe,Yes,2014
1173,23,United Kingdom,1-5,Yes,Yes,No,2014
1174,20,Georgia,26-100,No,Maybe,No,2014
1175,38,United States,6-25,No,No,Don't know,2014
1176,26,United States,100-500,No,Maybe,No,2014
1177,29,United States,26-100,No,Yes,No,2014
1178,40,China,1-5,Maybe,Maybe,Don't know,2014
1179,25,Bulgaria,26-100,Maybe,No,No,2014
1180,32,United States,26-100,No,No,No,2014
1181,38,United States,More than 1000,No,Maybe,No,2014
1182,72,United States,500-1000,No,No,Don't know,2014
1183,35,United States,1-5,No,No,Yes,2014
1184,28,United States,6-25,No,No,Don't know,2014
1185,27,United States,100-500,No,No,Yes,2014
1186,56,United States,1-5,No,No,Don't know,2014
1187,38,United States,26-100,No,No,Don't know,2014
1188,31,Belgium,26-100,No,No,Don't know,2014
1189,40,United States,6-25,No,No,Yes,2014
1190,44,United States,100-500,No,No,Don't know,2014
1191,34,Canada,More than 1000,No,Maybe,Don't know,2014
1192,37,United Kingdom,26-100,No,Yes,Don't know,2014
1193,38,Italy,26-100,Yes,Maybe,No,2014
1194,27,Germany,26-100,Yes,Yes,Don't know,2014
1195,34,Ireland,500-1000,No,No,Yes,2014
1196,35,Ireland,1-5,No,Maybe,No,2014
1197,34,Ireland,6-25,No,Maybe,No,2014
1198,32,United States,26-100,No,No,Don't know,2014
1199,25,Ireland,100-500,No,No,Don't know,2014
1200,28,Australia,100-500,No,Maybe,No,2014
1201,28,United States,6-25,No,No,No,2014
1202,31,Brazil,1-5,No,Maybe,Don't know,2014
1203,24,United Kingdom,100-500,No,Maybe,Don't know,2014
1204,34,Ireland,1-5,No,No,Don't know,2014
1205,32,Ireland,6-25,No,Maybe,Don't know,2014
1206,34,United Kingdom,26-100,Maybe,Yes,Yes,2014
1207,23,United States,1-5,No,No,No,2014
1208,33,Czech Republic,100-500,Maybe,Maybe,Don't know,2014
1209,29,Singapore,26-100,No,Maybe,No,2014
1210,24,Ireland,1-5,No,No,Don't know,2014
1211,45,Ireland,More than 1000,No,No,No,2014
1212,34,United Kingdom,More than 1000,No,Maybe,No,2014
1213,31,Philippines,More than 1000,No,Maybe,No,2014
1214,33,United States,26-100,No,Maybe,Don't know,2014
1215,28,Netherlands,6-25,No,No,Don't know,2014
1216,27,United Kingdom,More than 1000,No,No,Don't know,2014
1217,42,Ireland,26-100,No,No,No,2014
1218,28,Netherlands,6-25,No,No,Don't know,2014
1219,38,United States,More than 1000,No,No,Don't know,2014
1220,46,United States,26-100,No,No,No,2014
1221,46,United States,100-500,Yes,Yes,Don't know,2014
1222,41,Netherlands,1-5,Yes,Yes,Yes,2014
1223,23,United Kingdom,26-100,No,Maybe,Yes,2014
1224,24,Ireland,More than 1000,No,Maybe,Yes,2014
1225,23,Ireland,26-100,No,Maybe,Don't know,2014
1226,39,Netherlands,More than 1000,No,No,Yes,2014
1227,32,Ireland,More than 1000,No,No,Don't know,2014
1228,25,United States,26-100,No,Maybe,Don't know,2014
1229,39,Greece,6-25,No,No,Don't know,2014
1230,23,United Kingdom,6-25,Maybe,Maybe,Yes,2014
1231,24,United Kingdom,6-25,No,Maybe,Don't know,2014
1232,25,United Kingdom,More than 1000,Yes,Yes,Yes,2014
1233,23,United Kingdom,6-25,No,Maybe,Don't know,2014
1234,24,United Kingdom,6-25,No,Maybe,Don't know,2014
1235,23,Canada,26-100,No,No,Don't know,2014
1236,60,United States,More than 1000,No,Maybe,Don't know,2014
1237,28,Ireland,26-100,No,No,No,2014
1238,28,United States,More than 1000,No,No,No,2014
1239,30,Netherlands,500-1000,Maybe,Yes,Don't know,2014
1240,31,Germany,100-500,No,No,Don't know,2014
1241,31,Poland,6-25,No,No,Don't know,2014
1242,28,Ireland,26-100,No,Maybe,Don't know,2014
1243,43,United States,More than 1000,No,No,Don't know,2014
1244,32,United Kingdom,More than 1000,No,Yes,No,2014
1245,22,Australia,100-500,No,Maybe,Don't know,2014
1246,32,United States,100-500,Maybe,Yes,Don't know,2014
1247,36,Finland,6-25,No,Maybe,Don't know,2014
1248,41,United States,26-100,No,No,Don't know,2014
1249,30,United States,26-100,Maybe,Maybe,Yes,2014
1250,30,United States,26-100,Maybe,Maybe,Yes,2014
1251,36,South Africa,100-500,No,Yes,Yes,2014
1252,29,United States,100-500,No,Maybe,No,2014
1253,36,United States,More than 1000,No,No,Don't know,2014
1254,26,United Kingdom,26-100,No,No,Don't know,2014
1255,32,United States,26-100,No,No,Yes,2014
1256,34,United States,More than 1000,No,No,No,2014
1257,46,United States,100-500,No,No,No,2014
1258,25,United States,26-100,No,No,Don't know,2014
