,Benefits,Treatment,Anonymity
0,Yes,Yes,Yes
1,Don't know,No,Don't know
2,No,No,Don't know
3,No,Yes,No
4,Yes,No,Don't know
5,Yes,No,Don't know
6,No,Yes,No
7,No,No,Yes
8,Yes,Yes,No
9,Don't know,No,Don't know
10,Don't know,Yes,Don't know
11,Don't know,No,Don't know
12,Yes,Yes,Don't know
13,Don't know,No,Don't know
14,Don't know,No,Don't know
15,Yes,Yes,Don't know
16,Don't know,Yes,Don't know
17,Yes,Yes,Don't know
18,Yes,No,Yes
19,No,No,Yes
20,Yes,Yes,No
21,No,No,Yes
22,Yes,Yes,Don't know
23,Don't know,Yes,Don't know
24,Yes,Yes,Yes
25,Yes,Yes,No
26,Don't know,No,Don't know
27,Yes,Yes,Don't know
28,Don't know,Yes,Don't know
29,No,No,Don't know
30,No,No,Don't know
31,No,No,Don't know
32,Don't know,Yes,Yes
33,Yes,Yes,Yes
34,Yes,Yes,Don't know
35,No,Yes,Don't know
36,No,No,Don't know
37,No,No,Don't know
38,Yes,No,Don't know
39,Yes,Yes,Yes
40,No,Yes,Don't know
41,Yes,No,Don't know
42,No,Yes,Yes
44,Don't know,Yes,Don't know
45,Yes,Yes,Yes
46,Don't know,No,Don't know
47,No,No,Don't know
48,No,No,Don't know
49,Yes,Yes,Don't know
50,No,Yes,Yes
51,Don't know,No,Don't know
52,Don't know,No,Don't know
53,Don't know,No,Don't know
54,No,No,Don't know
55,Yes,Yes,Yes
56,Don't know,No,Don't know
57,Don't know,Yes,Don't know
58,No,No,Yes
59,Don't know,Yes,No
60,Yes,Yes,Don't know
61,Don't know,Yes,Yes
62,Yes,No,Don't know
63,No,No,Don't know
64,Don't know,No,Don't know
65,Yes,No,Don't know
66,No,Yes,Don't know
67,Yes,No,Don't know
68,Don't know,No,Don't know
69,No,No,Don't know
70,No,No,Don't know
71,Don't know,No,Don't know
72,Yes,No,Yes
73,No,No,Yes
74,Don't know,No,Don't know
75,No,No,No
76,Yes,No,Don't know
77,No,No,Yes
78,No,Yes,Don't know
79,Don't know,No,Don't know
80,Yes,No,Don't know
81,Yes,No,Don't know
82,No,No,Don't know
83,Yes,Yes,Yes
84,No,No,Don't know
85,Don't know,No,Don't know
86,No,Yes,Don't know
87,Yes,Yes,Don't know
88,Yes,Yes,Don't know
89,Don't know,No,Don't know
90,Yes,No,Yes
91,No,Yes,Yes
92,Don't know,No,Don't know
94,Yes,Yes,Don't know
95,Don't know,No,Don't know
96,Don't know,No,Don't know
97,Don't know,Yes,Don't know
98,No,Yes,Don't know
99,No,Yes,Yes
100,No,Yes,No
101,Yes,No,Don't know
102,Don't know,No,Don't know
103,Yes,Yes,Yes
104,Yes,No,Don't know
105,Yes,No,Yes
106,Don't know,Yes,Don't know
107,No,Yes,No
108,Yes,No,Don't know
109,Yes,Yes,Yes
110,Yes,Yes,Yes
111,Yes,Yes,Yes
112,Yes,Yes,Yes
113,Yes,No,Don't know
114,Don't know,No,Don't know
115,Don't know,No,Don't know
116,No,No,Yes
117,Yes,No,Yes
119,Don't know,No,Don't know
120,Yes,No,Don't know
121,Don't know,No,Don't know
122,Don't know,Yes,Yes
123,Yes,No,Yes
124,Yes,Yes,Don't know
125,Yes,No,Yes
126,No,No,Don't know
127,Yes,Yes,Yes
128,No,No,Don't know
129,Don't know,Yes,Don't know
130,Yes,Yes,Don't know
131,No,No,Don't know
132,Don't know,No,Don't know
133,No,No,Yes
134,Don't know,Yes,Don't know
135,No,No,Don't know
136,Don't know,No,Yes
137,Yes,Yes,Don't know
138,Don't know,No,Don't know
139,Don't know,No,Don't know
140,Don't know,Yes,Don't know
141,No,Yes,Yes
142,Don't know,No,Don't know
144,Don't know,No,Don't know
145,Yes,Yes,Don't know
146,No,No,Yes
147,No,No,No
148,No,Yes,Don't know
149,Don't know,No,Don't know
150,Don't know,No,Yes
151,Don't know,No,Don't know
152,No,No,Don't know
153,Don't know,No,Don't know
154,Yes,Yes,Yes
155,Don't know,Yes,Don't know
156,Don't know,Yes,Don't know
157,Don't know,No,Don't know
158,No,Yes,Don't know
159,Don't know,Yes,Don't know
160,Yes,Yes,Yes
161,Yes,Yes,Don't know
162,Yes,No,Don't know
163,Don't know,No,Don't know
164,No,Yes,Yes
165,No,No,Yes
166,No,No,Don't know
167,No,No,Don't know
168,No,No,Don't know
169,Don't know,No,Don't know
170,Yes,Yes,Yes
171,Don't know,Yes,Don't know
172,Don't know,Yes,Don't know
173,Don't know,No,Don't know
174,Yes,Yes,Don't know
175,Don't know,No,Don't know
176,No,No,Yes
177,Yes,Yes,Yes
178,Yes,Yes,Yes
179,Don't know,No,Don't know
180,No,No,No
181,No,No,Don't know
182,Don't know,No,Yes
183,Don't know,Yes,Don't know
184,Yes,Yes,Don't know
185,Yes,No,Don't know
186,Don't know,No,Don't know
187,No,No,Don't know
188,Don't know,No,Don't know
189,Yes,Yes,Yes
190,No,Yes,Yes
191,Yes,Yes,Don't know
192,No,No,Don't know
193,No,Yes,Yes
194,No,No,Don't know
195,No,No,Don't know
196,Don't know,No,Don't know
197,Yes,No,Yes
198,Yes,No,Don't know
199,Don't know,Yes,Don't know
200,Yes,Yes,Don't know
201,Yes,Yes,Yes
202,No,Yes,Don't know
203,No,No,Don't know
204,Don't know,No,Don't know
205,Don't know,Yes,Don't know
206,No,Yes,Don't know
207,No,Yes,Yes
208,Don't know,No,Don't know
209,No,No,No
210,Yes,No,Yes
211,No,No,Don't know
212,No,Yes,Don't know
213,Don't know,Yes,No
214,Yes,Yes,Yes
215,No,Yes,Don't know
216,Yes,Yes,Yes
217,Yes,No,Yes
218,Yes,Yes,Don't know
219,Yes,No,Don't know
220,Yes,No,Don't know
221,Don't know,No,Don't know
222,Don't know,No,Don't know
223,No,Yes,Yes
224,Don't know,No,Don't know
225,Don't know,No,Yes
226,No,No,Don't know
227,Don't know,No,Don't know
228,Yes,No,Don't know
229,No,Yes,Don't know
230,Yes,Yes,Don't know
231,Yes,Yes,Don't know
232,Don't know,Yes,Don't know
233,Don't know,No,Don't know
234,Don't know,No,Yes
235,No,No,Don't know
236,Yes,Yes,Don't know
237,No,No,Yes
238,Yes,Yes,Yes
239,Yes,Yes,Yes
240,Don't know,No,Don't know
241,No,Yes,Don't know
242,Yes,Yes,Yes
243,No,No,Yes
244,Yes,No,Yes
245,Yes,Yes,Yes
246,Don't know,Yes,Don't know
247,No,No,Yes
248,No,Yes,Don't know
249,Yes,Yes,Yes
250,Don't know,Yes,Yes
251,Yes,No,Yes
252,Yes,Yes,Yes
253,Don't know,No,No
254,Don't know,No,Don't know
255,No,No,Don't know
256,Don't know,Yes,Don't know
257,No,No,Don't know
258,No,No,Don't know
259,No,Yes,No
260,Yes,Yes,Yes
261,No,No,No
262,Yes,Yes,Yes
263,No,Yes,Yes
264,No,No,Don't know
265,No,No,Don't know
266,Yes,Yes,Don't know
267,Don't know,Yes,Don't know
268,Yes,Yes,Yes
269,No,No,Don't know
270,No,No,Don't know
271,Yes,Yes,Yes
272,Yes,No,Yes
273,No,No,Don't know
274,Yes,Yes,Don't know
275,Yes,No,Yes
276,Yes,No,Don't know
277,No,No,Don't know
278,Yes,Yes,Don't know
279,Don't know,No,Don't know
280,Don't know,Yes,Don't know
281,No,No,Yes
283,Yes,Yes,Yes
284,Don't know,No,Don't know
285,No,Yes,Yes
286,Yes,Yes,Don't know
288,No,Yes,Don't know
289,Yes,Yes,Don't know
290,No,No,No
291,Don't know,No,Don't know
292,Yes,Yes,Yes
293,Yes,No,Don't know
294,Yes,Yes,Don't know
295,Don't know,No,Don't know
296,Yes,Yes,Don't know
297,Yes,No,Don't know
298,Yes,Yes,Don't know
299,Yes,No,Don't know
300,Yes,Yes,Don't know
301,Yes,Yes,Yes
302,Yes,No,Don't know
303,Yes,Yes,Yes
304,Yes,Yes,Don't know
305,Yes,Yes,Don't know
306,Yes,Yes,Don't know
307,No,No,Don't know
308,Don't know,No,Don't know
309,Yes,No,Don't know
310,Don't know,Yes,Don't know
311,Yes,Yes,Don't know
312,No,Yes,Don't know
313,Yes,Yes,Don't know
314,Don't know,No,Don't know
315,Don't know,No,Don't know
316,Don't know,No,Don't know
317,Yes,No,Yes
318,Yes,Yes,Yes
319,No,No,Don't know
320,Yes,Yes,Yes
321,Yes,Yes,Don't know
322,Yes,No,Yes
323,Yes,Yes,Yes
324,Yes,Yes,Don't know
325,Don't know,No,Don't know
326,Yes,No,Yes
327,Don't know,Yes,Don't know
328,No,No,Don't know
329,No,Yes,Don't know
330,Yes,No,Yes
331,Yes,Yes,Don't know
332,Don't know,No,Yes
333,No,Yes,Don't know
334,No,No,Don't know
335,Yes,No,Don't know
336,Don't know,Yes,Don't know
337,Yes,No,Don't know
338,Yes,No,Yes
339,Yes,No,Yes
340,Don't know,No,Don't know
341,No,No,Don't know
342,Don't know,No,Don't know
343,Don't know,No,Don't know
344,Don't know,No,Don't know
345,Yes,Yes,Yes
346,Don't know,Yes,Don't know
347,Don't know,Yes,Don't know
348,Don't know,No,Don't know
349,Yes,Yes,Don't know
350,Don't know,No,Don't know
351,Yes,Yes,Yes
352,No,No,Don't know
353,Yes,Yes,Don't know
354,Yes,No,Don't know
355,No,Yes,Yes
356,Don't know,Yes,Don't know
357,Yes,Yes,Yes
358,No,Yes,Don't know
359,No,No,Yes
360,No,No,Don't know
361,No,Yes,Don't know
362,No,Yes,No
363,Yes,Yes,Yes
365,Don't know,Yes,Don't know
366,Yes,No,Yes
367,No,Yes,Yes
368,Yes,Yes,Yes
369,Don't know,Yes,No
370,Yes,No,Yes
371,Yes,Yes,Don't know
372,Yes,Yes,Yes
373,Yes,Yes,Yes
374,Don't know,Yes,Don't know
375,Yes,Yes,Don't know
376,Yes,Yes,Yes
377,Don't know,Yes,Don't know
378,Yes,Yes,Yes
379,Yes,Yes,Yes
380,Yes,Yes,Don't know
381,Yes,Yes,Yes
382,Yes,Yes,Don't know
383,No,Yes,Yes
384,Don't know,Yes,Don't know
385,Yes,Yes,Don't know
386,Don't know,No,Don't know
387,Yes,Yes,Don't know
388,Don't know,Yes,Don't know
389,Yes,Yes,Yes
391,Yes,Yes,Don't know
392,Don't know,No,Don't know
393,Don't know,Yes,Don't know
394,No,No,No
395,Yes,No,Don't know
396,Don't know,No,Don't know
397,No,No,Don't know
398,Don't know,No,Don't know
399,Don't know,Yes,Yes
400,Yes,Yes,Don't know
401,Yes,Yes,Don't know
402,Don't know,No,Don't know
403,Yes,Yes,Don't know
404,Don't know,Yes,Don't know
405,Yes,No,Yes
406,Yes,Yes,Don't know
407,Don't know,No,Don't know
408,Don't know,No,Don't know
409,No,No,Don't know
410,Yes,Yes,Don't know
411,Don't know,Yes,Don't know
412,Don't know,No,Don't know
413,Don't know,Yes,Don't know
414,Don't know,Yes,Don't know
415,Don't know,No,Don't know
416,Don't know,Yes,Don't know
417,No,No,Don't know
418,No,No,Don't know
419,No,Yes,Don't know
420,Yes,Yes,Yes
421,Don't know,No,Don't know
422,Yes,Yes,Don't know
423,No,Yes,Don't know
424,Yes,Yes,Don't know
425,Don't know,No,Yes
426,No,Yes,Don't know
427,Yes,No,Don't know
428,Yes,No,Don't know
429,Yes,No,Yes
430,Don't know,No,Don't know
431,No,Yes,Don't know
432,No,Yes,Yes
433,Don't know,No,Don't know
434,Don't know,Yes,Don't know
435,Don't know,No,Don't know
436,Don't know,No,Don't know
437,Don't know,No,Yes
438,Yes,Yes,Don't know
439,Yes,Yes,Yes
440,No,No,Don't know
441,Yes,No,Don't know
442,Yes,Yes,Yes
443,Yes,No,Don't know
444,Yes,Yes,Yes
445,Yes,No,Don't know
446,Yes,No,Don't know
447,Yes,Yes,Don't know
448,Yes,Yes,Don't know
449,Yes,Yes,Don't know
450,Yes,Yes,Yes
451,Yes,No,Yes
452,Yes,Yes,Don't know
453,Don't know,Yes,Don't know
454,Don't know,Yes,Don't know
455,Don't know,No,Yes
456,No,No,Don't know
457,Yes,No,Yes
458,No,No,Don't know
459,Yes,No,Don't know
460,Don't know,No,Don't know
461,Yes,No,Don't know
462,No,No,Don't know
463,Don't know,No,Don't know
464,Don't know,Yes,Don't know
465,No,Yes,Yes
466,Yes,Yes,Don't know
467,No,Yes,No
468,No,No,Don't know
469,Yes,Yes,Yes
470,Yes,Yes,Yes
471,Yes,Yes,Yes
472,Don't know,No,Don't know
473,Yes,Yes,Don't know
474,Don't know,No,Don't know
475,Yes,Yes,Don't know
476,No,Yes,Don't know
477,Don't know,Yes,Don't know
479,Don't know,No,Don't know
480,Don't know,No,Don't know
481,Yes,Yes,Yes
483,Yes,Yes,Don't know
484,Don't know,No,Don't know
485,No,Yes,Don't know
486,Don't know,Yes,Don't know
487,No,Yes,Yes
488,No,No,Yes
489,No,No,Don't know
490,Yes,No,Yes
491,Don't know,No,Don't know
492,No,No,Don't know
493,No,Yes,Don't know
494,Don't know,No,Don't know
495,Yes,Yes,Don't know
496,Yes,Yes,Don't know
497,Don't know,Yes,Yes
498,No,Yes,Yes
499,Don't know,No,Don't know
500,Yes,Yes,Yes
501,No,No,No
502,No,No,Don't know
503,Don't know,No,Don't know
504,No,Yes,Don't know
505,Yes,Yes,Don't know
506,Yes,No,Don't know
507,Yes,Yes,Don't know
508,Yes,Yes,Don't know
509,Yes,No,Yes
510,Yes,Yes,Don't know
511,No,No,No
512,Don't know,No,Don't know
513,Yes,No,Yes
514,Yes,Yes,Yes
515,Don't know,No,Don't know
516,Yes,Yes,Yes
517,Yes,Yes,Yes
518,Yes,Yes,Yes
519,No,Yes,Yes
520,Yes,No,Don't know
521,Don't know,No,Yes
522,No,No,Don't know
523,Don't know,No,Don't know
524,Don't know,Yes,Yes
525,Yes,Yes,Yes
526,Yes,No,Yes
527,No,Yes,No
528,Yes,Yes,Yes
529,Don't know,Yes,Don't know
530,No,No,Don't know
531,Yes,Yes,Don't know
532,No,No,No
533,Don't know,No,Don't know
534,Don't know,No,Don't know
535,No,Yes,No
536,Yes,Yes,Don't know
537,Don't know,Yes,Don't know
538,Don't know,No,Don't know
539,Yes,Yes,Don't know
540,Don't know,Yes,Don't know
541,Yes,Yes,Yes
542,Don't know,No,Don't know
543,Yes,Yes,Don't know
544,No,Yes,Yes
545,Don't know,No,Don't know
546,Don't know,No,Don't know
547,Yes,Yes,Don't know
548,Yes,No,Yes
549,No,No,Don't know
550,Don't know,No,Don't know
551,No,Yes,Don't know
552,No,Yes,Don't know
553,No,Yes,Yes
554,No,Yes,Don't know
555,Don't know,Yes,Don't know
556,Yes,No,Yes
557,Don't know,No,Don't know
558,No,Yes,Don't know
559,Don't know,No,Don't know
560,No,No,Don't know
561,Don't know,Yes,Don't know
562,Don't know,No,Yes
563,Don't know,Yes,Don't know
564,No,No,Don't know
565,Yes,Yes,Yes
566,Yes,Yes,Yes
567,Yes,Yes,Don't know
568,Yes,No,Don't know
569,Don't know,Yes,Don't know
570,No,Yes,Don't know
571,Yes,Yes,Yes
572,Don't know,No,Don't know
573,Yes,Yes,Yes
574,No,No,Don't know
575,Don't know,No,Don't know
576,Don't know,No,Don't know
577,Don't know,No,Yes
578,Yes,No,Yes
579,Yes,Yes,Don't know
580,Yes,Yes,Don't know
581,Don't know,No,Don't know
582,Yes,Yes,Yes
583,No,No,Yes
584,No,No,Yes
585,Don't know,No,Don't know
586,No,Yes,Don't know
587,Yes,No,Yes
588,No,Yes,Don't know
589,No,Yes,Don't know
590,Yes,Yes,Don't know
591,Don't know,Yes,No
592,No,Yes,Don't know
593,Yes,Yes,Don't know
594,Yes,No,Don't know
595,Yes,No,Don't know
596,Yes,Yes,Don't know
597,Don't know,No,Don't know
598,Don't know,No,Don't know
599,No,Yes,Don't know
600,Yes,No,Don't know
601,No,No,Don't know
602,Yes,Yes,Yes
603,No,Yes,Yes
604,Yes,No,Yes
605,No,No,Don't know
606,Don't know,No,Don't know
607,Don't know,No,Don't know
608,Don't know,No,Don't know
609,No,No,Don't know
610,No,Yes,Yes
611,No,No,Don't know
612,Don't know,No,Don't know
613,Don't know,No,Don't know
614,Yes,No,Don't know
615,No,Yes,Don't know
616,Yes,No,Don't know
617,Yes,Yes,Yes
618,No,No,Don't know
619,Yes,Yes,Yes
620,Don't know,No,Don't know
621,Don't know,No,Don't know
622,Yes,Yes,Don't know
623,Yes,Yes,Yes
624,Don't know,Yes,Don't know
625,Yes,Yes,Don't know
626,Yes,Yes,Don't know
627,No,Yes,Yes
628,No,No,Yes
629,Yes,Yes,Don't know
630,No,Yes,Don't know
631,Yes,Yes,Don't know
632,No,No,No
633,Yes,Yes,Don't know
634,Don't know,Yes,Don't know
635,No,No,Don't know
636,No,Yes,Don't know
637,No,Yes,Yes
638,Yes,No,Yes
639,No,Yes,Don't know
640,Yes,No,Yes
641,No,No,Don't know
642,Yes,Yes,No
643,Yes,No,Yes
644,Yes,Yes,No
645,No,No,Don't know
646,No,Yes,Don't know
647,No,No,Don't know
648,No,No,Don't know
649,No,No,Don't know
650,Don't know,No,Don't know
651,Don't know,Yes,Don't know
652,Don't know,Yes,Don't know
653,Don't know,No,Don't know
654,Yes,Yes,Don't know
655,No,No,Don't know
656,No,No,No
657,No,No,Don't know
658,Yes,Yes,Yes
659,Don't know,No,Don't know
660,Yes,No,Yes
661,Don't know,No,Don't know
662,Don't know,No,Don't know
663,No,No,Don't know
664,Don't know,No,Yes
665,No,Yes,Don't know
666,Don't know,No,Don't know
667,Don't know,No,Don't know
668,No,No,Don't know
669,Don't know,No,Don't know
670,No,No,Don't know
671,Don't know,No,Don't know
672,Yes,No,Don't know
673,Don't know,No,Don't know
674,Don't know,No,Don't know
675,Don't know,Yes,Don't know
676,No,No,Don't know
677,Don't know,Yes,Don't know
678,No,No,Yes
679,Yes,Yes,Don't know
680,No,Yes,Don't know
681,Yes,Yes,Don't know
682,Don't know,Yes,Don't know
683,Yes,Yes,Yes
684,No,No,Don't know
685,Don't know,Yes,Don't know
686,Yes,Yes,Yes
687,Yes,Yes,Yes
688,Don't know,No,Don't know
689,Don't know,Yes,Yes
690,Yes,Yes,Don't know
691,No,No,Yes
692,Don't know,No,Yes
693,Yes,No,Don't know
694,No,No,Don't know
695,Yes,Yes,Yes
696,No,No,Don't know
697,No,No,Don't know
698,Don't know,No,Don't know
699,No,No,Don't know
700,Yes,No,Don't know
701,No,Yes,No
702,Yes,Yes,Yes
703,Yes,Yes,Yes
704,Yes,Yes,Don't know
705,Don't know,Yes,Don't know
706,Don't know,No,Don't know
707,Don't know,Yes,Don't know
708,Don't know,No,Don't know
709,Yes,Yes,Yes
710,No,No,Don't know
711,Don't know,No,Don't know
712,Don't know,No,Don't know
713,Yes,No,Yes
714,Yes,Yes,Don't know
716,Yes,No,Yes
717,Yes,No,Yes
718,No,No,Don't know
719,Yes,No,Don't know
720,Don't know,No,Don't know
721,Don't know,Yes,No
722,No,No,Don't know
723,Don't know,Yes,Don't know
724,No,Yes,Don't know
725,No,No,No
726,Don't know,No,Don't know
727,Don't know,Yes,No
728,Don't know,No,Don't know
729,No,Yes,Yes
730,No,Yes,Don't know
731,No,No,Don't know
732,Don't know,No,Don't know
733,Yes,No,Yes
735,No,No,Don't know
736,Yes,No,Yes
737,Don't know,Yes,Don't know
738,No,No,Yes
739,Don't know,Yes,Don't know
740,No,Yes,Yes
741,No,No,Don't know
742,No,Yes,Don't know
743,Yes,Yes,Don't know
744,Yes,Yes,Don't know
745,Don't know,Yes,Don't know
746,Yes,No,Yes
747,No,No,No
748,Yes,Yes,Yes
749,Don't know,Yes,Don't know
750,Yes,No,Don't know
751,Don't know,No,Yes
752,Don't know,Yes,Don't know
753,No,No,Yes
754,Yes,No,Yes
755,Don't know,Yes,Don't know
756,Yes,Yes,Don't know
757,Yes,Yes,Don't know
758,No,No,Yes
759,No,Yes,No
760,No,No,Yes
761,Yes,Yes,Don't know
762,No,Yes,Don't know
763,No,Yes,No
764,Don't know,Yes,Don't know
765,No,No,Yes
766,Yes,Yes,Yes
767,Don't know,No,Don't know
768,Yes,Yes,Don't know
769,Don't know,No,Don't know
770,Don't know,Yes,Don't know
771,No,Yes,Yes
772,Don't know,No,Don't know
773,Don't know,No,Don't know
774,No,Yes,Yes
775,Yes,Yes,Yes
776,Don't know,No,Don't know
777,Don't know,Yes,Don't know
778,Don't know,No,Don't know
779,Don't know,No,Don't know
780,Don't know,Yes,Don't know
781,No,Yes,Yes
782,Don't know,Yes,Yes
783,Don't know,No,Don't know
784,Don't know,No,Don't know
785,Yes,Yes,Yes
786,No,No,Yes
787,Yes,Yes,Yes
788,Don't know,No,Don't know
789,Yes,Yes,Yes
790,Don't know,No,Don't know
791,Yes,Yes,Don't know
792,Don't know,Yes,Yes
793,Yes,Yes,Yes
794,Don't know,Yes,Don't know
795,Yes,No,Don't know
796,Yes,Yes,Don't know
797,Don't know,No,Don't know
798,No,No,Don't know
799,Don't know,Yes,Don't know
800,Yes,No,Yes
801,No,Yes,Don't know
802,Yes,No,Don't know
803,Yes,No,Yes
804,Don't know,No,Don't know
805,No,Yes,Don't know
806,Yes,Yes,Yes
807,Don't know,No,Don't know
808,Don't know,No,Don't know
809,Yes,No,Don't know
810,Don't know,No,Don't know
811,No,Yes,Don't know
812,No,Yes,Yes
813,No,Yes,Don't know
814,Don't know,No,Don't know
815,Don't know,No,Don't know
816,Yes,Yes,Yes
817,No,Yes,No
818,No,Yes,Yes
819,No,Yes,Don't know
820,Yes,Yes,Don't know
821,No,Yes,Don't know
822,No,No,No
823,Don't know,No,Don't know
824,Yes,No,Don't know
825,Don't know,No,No
826,Don't know,No,Don't know
827,Don't know,No,Don't know
828,Don't know,Yes,Don't know
829,No,Yes,Yes
830,Yes,No,Yes
831,Yes,No,Don't know
832,No,Yes,Yes
833,Yes,Yes,Don't know
834,No,Yes,Don't know
835,Don't know,Yes,Don't know
836,Yes,Yes,Yes
837,Don't know,No,Don't know
838,Don't know,No,Don't know
839,Yes,No,Yes
840,Don't know,Yes,Don't know
841,No,No,Don't know
842,Yes,Yes,Don't know
843,Don't know,No,Don't know
844,Yes,No,Yes
845,Don't know,No,Don't know
846,Don't know,Yes,Yes
847,No,Yes,Don't know
848,No,Yes,Yes
849,Yes,No,Yes
850,No,Yes,Don't know
851,Yes,No,Yes
852,No,No,Yes
853,No,No,Don't know
854,Don't know,No,Don't know
855,Yes,No,Yes
856,Yes,No,Yes
857,Don't know,No,Yes
858,No,No,Don't know
859,No,Yes,No
860,No,Yes,No
861,No,Yes,Don't know
862,Don't know,No,Don't know
863,No,Yes,Don't know
864,Yes,Yes,Yes
865,No,No,No
866,Yes,Yes,Don't know
867,No,No,Don't know
868,No,No,Yes
869,Don't know,No,Don't know
870,Yes,Yes,Yes
871,Don't know,Yes,Don't know
872,Yes,No,Yes
873,Don't know,No,Don't know
874,Yes,No,Yes
875,Don't know,Yes,Don't know
876,Yes,No,Yes
877,Don't know,No,Don't know
878,No,No,Don't know
879,Yes,Yes,Yes
880,Don't know,Yes,Don't know
881,Yes,No,Yes
882,Yes,No,Don't know
883,Yes,No,Don't know
884,Yes,Yes,Don't know
885,Don't know,No,Don't know
886,Don't know,Yes,Don't know
887,Yes,No,Don't know
888,No,No,Yes
889,Yes,No,Don't know
890,Yes,No,Don't know
891,No,Yes,Don't know
892,Don't know,No,Don't know
893,Yes,No,Don't know
894,Don't know,Yes,Don't know
895,Don't know,No,Don't know
896,Yes,No,Yes
897,No,Yes,Yes
898,No,No,Yes
899,Don't know,No,Don't know
900,No,Yes,Don't know
901,No,Yes,Don't know
902,Yes,Yes,Yes
903,No,No,Yes
904,No,No,Yes
905,Yes,Yes,Yes
906,Yes,No,Don't know
907,Yes,Yes,Don't know
908,Yes,Yes,Don't know
909,Yes,Yes,Yes
910,No,Yes,Don't know
911,Yes,Yes,Don't know
912,No,Yes,Don't know
913,Don't know,Yes,Don't know
914,Yes,Yes,Yes
915,No,Yes,Don't know
916,No,No,Yes
917,No,Yes,Yes
918,Yes,No,Yes
919,Don't know,Yes,Don't know
920,Don't know,No,Don't know
921,Yes,Yes,Yes
922,Yes,Yes,Don't know
923,No,Yes,Yes
924,Yes,No,Don't know
925,Yes,No,Don't know
926,Yes,No,Don't know
927,Yes,No,Don't know
928,Yes,No,Yes
929,Don't know,No,Don't know
930,Yes,Yes,Yes
931,Don't know,No,Don't know
932,Yes,Yes,Yes
933,No,Yes,Don't know
934,Don't know,Yes,Yes
935,No,Yes,Yes
936,Don't know,Yes,Don't know
937,Don't know,Yes,Don't know
938,Yes,Yes,Yes
939,Yes,Yes,Yes
940,Yes,Yes,Don't know
941,Yes,Yes,Yes
942,Yes,Yes,Yes
943,Yes,No,Don't know
944,Don't know,Yes,Don't know
945,Yes,Yes,Yes
946,Yes,No,Don't know
947,Yes,Yes,Don't know
948,Yes,Yes,Don't know
949,Yes,Yes,Yes
950,No,Yes,Yes
951,Don't know,Yes,No
952,No,Yes,Don't know
953,Don't know,Yes,Don't know
954,No,No,Yes
955,Don't know,Yes,Yes
956,Don't know,No,Don't know
957,Yes,Yes,Yes
958,Yes,Yes,Don't know
959,Don't know,No,Don't know
960,Don't know,No,Don't know
961,No,No,Yes
962,Don't know,Yes,Don't know
963,Don't know,No,Don't know
964,Yes,Yes,Don't know
965,No,Yes,No
966,No,Yes,Don't know
967,Don't know,No,Don't know
968,Don't know,No,Don't know
969,No,Yes,Yes
970,No,No,Don't know
971,No,Yes,No
972,Don't know,Yes,Don't know
973,Yes,No,Yes
974,Don't know,No,Don't know
975,Don't know,No,Don't know
976,Yes,No,Yes
977,Yes,No,Yes
978,Yes,No,No
979,No,Yes,Don't know
980,No,Yes,Don't know
981,No,Yes,Yes
982,Yes,Yes,No
983,Don't know,Yes,Don't know
984,Yes,No,Yes
985,No,Yes,Don't know
986,Don't know,No,Don't know
987,No,No,No
988,Yes,No,Yes
990,No,No,Yes
991,Yes,No,Don't know
992,Yes,Yes,Yes
993,No,No,Yes
994,Don't know,Yes,Don't know
995,Don't know,No,Don't know
996,Yes,Yes,Yes
997,Yes,No,Don't know
998,No,No,Don't know
999,No,No,Don't know
1000,Yes,Yes,Yes
1001,Don't know,Yes,Don't know
1002,Yes,Yes,Yes
1003,Don't know,Yes,Don't know
1004,No,Yes,Yes
1005,Don't know,No,Don't know
1006,Yes,Yes,Yes
1007,Don't know,No,Don't know
1008,No,Yes,Yes
1009,Don't know,No,Don't know
1010,Yes,No,Yes
1011,No,No,Yes
1012,Yes,No,Don't know
1013,Don't know,No,Don't know
1014,Yes,No,Yes
1015,Don't know,No,Yes
1016,Don't know,No,Don't know
1017,Yes,Yes,Don't know
1018,Yes,Yes,Don't know
1019,Don't know,No,Don't know
1020,Don't know,No,Don't know
1021,Yes,Yes,Yes
1022,Yes,No,Don't know
1023,No,No,Don't know
1024,Don't know,No,Don't know
1025,Don't know,Yes,Don't know
1026,Yes,No,Don't know
1027,Don't know,No,Don't know
1028,Yes,No,Don't know
1029,Yes,No,Don't know
1030,Don't know,No,Don't know
1031,Don't know,Yes,Yes
1032,Yes,No,Don't know
1033,No,Yes,No
1034,Don't know,No,Don't know
1035,No,No,Don't know
1036,No,Yes,Yes
1037,Don't know,No,Yes
1038,No,No,Don't know
1039,No,No,Don't know
1040,Don't know,Yes,Don't know
1041,Yes,No,Yes
1042,Yes,Yes,Don't know
1043,Yes,Yes,Yes
1044,Yes,Yes,Don't know
1045,Yes,Yes,Yes
1046,No,Yes,Don't know
1047,No,No,Don't know
1048,No,Yes,Yes
1049,No,Yes,Yes
1050,Yes,Yes,Don't know
1051,No,No,Don't know
1052,Don't know,Yes,Yes
1053,Don't know,No,Don't know
1054,Don't know,No,Don't know
1055,Yes,Yes,Yes
1056,Don't know,No,Don't know
1057,Don't know,No,No
1058,Yes,Yes,Don't know
1059,Yes,Yes,Yes
1060,Yes,Yes,Don't know
1061,Don't know,Yes,Yes
1062,Don't know,No,Yes
1063,Don't know,Yes,Don't know
1064,No,Yes,Don't know
1065,Don't know,Yes,Yes
1066,Yes,No,Don't know
1067,Yes,No,Don't know
1068,Yes,No,Yes
1069,No,No,Don't know
1070,No,Yes,Don't know
1071,Yes,No,Don't know
1072,Yes,No,Don't know
1073,Don't know,No,Don't know
1074,Yes,Yes,Don't know
1075,Yes,Yes,Yes
1076,Yes,Yes,Don't know
1077,Yes,Yes,Yes
1078,Yes,Yes,Don't know
1079,No,Yes,Yes
1080,No,Yes,Yes
1081,Don't know,Yes,Don't know
1082,Yes,Yes,Don't know
1083,Don't know,Yes,Don't know
1084,Yes,Yes,Yes
1085,Don't know,No,Yes
1086,Don't know,Yes,Don't know
1087,Yes,No,Don't know
1088,Yes,Yes,Yes
1089,Yes,Yes,Don't know
1091,Yes,No,Don't know
1092,No,Yes,Don't know
1093,Yes,Yes,Yes
1094,Yes,Yes,Yes
1095,No,Yes,No
1096,Don't know,Yes,Don't know
1097,Yes,Yes,Don't know
1098,Don't know,No,Yes
1099,Don't know,No,Don't know
1100,Yes,No,Don't know
1101,Don't know,No,Don't know
1102,No,Yes,No
1103,Don't know,No,Don't know
1104,Yes,No,Don't know
1105,No,Yes,Don't know
1106,No,Yes,Don't know
1107,No,Yes,Don't know
1108,Yes,Yes,Don't know
1109,No,No,No
1110,Yes,Yes,Yes
1111,Yes,Yes,Yes
1112,No,No,Don't know
1113,Don't know,Yes,Don't know
1114,Yes,No,Don't know
1115,Yes,No,Yes
1116,Don't know,Yes,Don't know
1117,Don't know,Yes,Don't know
1118,Yes,Yes,Yes
1119,No,No,Don't know
1120,No,Yes,Yes
1121,No,Yes,Don't know
1122,Don't know,Yes,Don't know
1123,Don't know,Yes,Don't know
1124,Don't know,No,Yes
1125,No,Yes,Don't know
1126,Don't know,Yes,Don't know
1128,No,No,Yes
1129,Yes,No,Yes
1130,Yes,Yes,Don't know
1131,No,No,Don't know
1132,Yes,Yes,Yes
1133,No,No,No
1134,No,No,No
1135,No,Yes,Yes
1136,No,Yes,Yes
1137,No,No,Don't know
1138,Don't know,Yes,Don't know
1139,Don't know,Yes,Don't know
1140,No,Yes,Yes
1141,Don't know,No,Don't know
1142,No,No,Don't know
1143,No,No,Yes
1144,No,No,Yes
1145,Don't know,No,Don't know
1146,No,Yes,Don't know
1147,No,Yes,Yes
1148,Yes,Yes,Don't know
1149,Yes,No,Don't know
1150,Yes,Yes,Yes
1151,No,No,Don't know
1152,Don't know,Yes,Don't know
1153,Yes,No,Yes
1154,Don't know,Yes,Don't know
1155,Don't know,No,Don't know
1156,Don't know,No,Don't know
1157,Don't know,Yes,Don't know
1158,No,Yes,Don't know
1159,Don't know,No,Don't know
1160,Yes,Yes,Don't know
1161,Yes,No,Don't know
1162,Don't know,No,Don't know
1163,Don't know,Yes,Don't know
1164,Yes,Yes,Yes
1165,Yes,No,Don't know
1166,Yes,Yes,Don't know
1167,Don't know,No,Don't know
1168,No,No,No
1169,Yes,Yes,Don't know
1170,Don't know,No,Don't know
1171,Yes,No,Don't know
1172,Yes,Yes,Yes
1173,No,Yes,Don't know
1174,No,No,Don't know
1175,Don't know,No,Don't know
1176,Yes,Yes,Don't know
1177,No,No,Don't know
1178,No,No,Don't know
1179,No,Yes,Don't know
1180,Yes,Yes,Yes
1181,Yes,Yes,Yes
1182,Yes,Yes,Don't know
1183,No,Yes,Yes
1184,No,Yes,Don't know
1185,Don't know,No,Don't know
1186,Don't know,No,Don't know
1187,Yes,Yes,Don't know
1188,Don't know,No,Yes
1189,Yes,Yes,Yes
1190,Yes,Yes,Yes
1191,Yes,No,Yes
1192,Don't know,No,Don't know
1193,Don't know,No,Yes
1194,Don't know,No,Don't know
1195,Yes,Yes,Yes
1196,Don't know,No,No
1197,No,Yes,Don't know
1198,Yes,Yes,Don't know
1199,Don't know,No,Don't know
1200,No,Yes,Don't know
1201,Yes,Yes,Don't know
1202,No,Yes,No
1203,Don't know,No,Don't know
1204,No,Yes,Don't know
1205,No,Yes,Don't know
1206,Don't know,No,Don't know
1207,No,Yes,No
1208,No,No,Don't know
1209,Don't know,Yes,Don't know
1210,No,No,Don't know
1211,Don't know,No,Don't know
1212,No,Yes,Yes
1213,Don't know,No,Don't know
1214,Yes,Yes,Yes
1215,No,No,Don't know
1216,Don't know,No,Don't know
1217,No,No,No
1218,No,No,Don't know
1219,Yes,Yes,Yes
1220,Don't know,Yes,Don't know
1221,Don't know,Yes,Don't know
1222,Don't know,Yes,No
1223,Don't know,No,Don't know
1224,Yes,Yes,Don't know
1225,No,Yes,Don't know
1226,Yes,No,Don't know
1227,Yes,No,Yes
1228,Don't know,Yes,Don't know
1229,No,No,Yes
1230,No,Yes,Yes
1231,No,Yes,Don't know
1232,Yes,Yes,Yes
1233,No,Yes,Don't know
1234,Don't know,Yes,Don't know
1235,Yes,Yes,Don't know
1236,Don't know,Yes,Don't know
1237,No,No,Yes
1238,Yes,Yes,Yes
1239,Don't know,No,Don't know
1240,Don't know,Yes,Yes
1241,No,Yes,Don't know
1242,Don't know,Yes,Don't know
1243,Yes,Yes,Don't know
1244,No,No,Don't know
1245,Yes,Yes,Yes
1246,Yes,No,Don't know
1247,No,Yes,No
1248,Yes,Yes,Don't know
1249,Yes,Yes,Yes
1250,Yes,Yes,Don't know
1251,No,Yes,Don't know
1252,Yes,Yes,Yes
1253,Don't know,No,Don't know
1254,No,Yes,Don't know
1255,Yes,Yes,Yes
1256,Yes,Yes,Don't know
1257,No,No,Don't know
1258,Yes,Yes,Yes
